This is pdfTeX, Version 3.141592653-2.6-1.40.26 (TeX Live 2025/dev/Debian) (preloaded format=pdflatex 2026.9.24)  28 SEP 2026 20:55
entering extended mode
 restricted \write18 enabled.
 %&-line parsing enabled.
**calculo3-notas-de-aula.tex
(./calculo3-notas-de-aula.tex
LaTeX2e <2024-11-01> patch level 2
L3 programming layer <2025-01-18>
(/usr/share/texlive/texmf-dist/tex/latex/extsizes/extreport.cls
Document Class: extreport 1996/10/08 v1.0 Non Standard LaTeX document class
(/usr/share/texlive/texmf-dist/tex/latex/extsizes/size14.clo
File: size14.clo 1999/11/11 v1.4a NON-Standard LaTeX file (size option)
)
(/usr/share/texlive/texmf-dist/tex/latex/base/exscale.sty
Package: exscale 2018/09/24 v2.1i Standard LaTeX package exscale
LaTeX Font Info:    Redeclaring symbol font `largesymbols' on input line 57.
LaTeX Font Info:    Overwriting symbol font `largesymbols' in version `normal'
(Font)                  OMX/cmex/m/n --> OMX/cmex/m/n on input line 57.
LaTeX Font Info:    Overwriting symbol font `largesymbols' in version `bold'
(Font)                  OMX/cmex/m/n --> OMX/cmex/m/n on input line 57.
\big@size=\dimen141
)
\c@part=\count196
\c@chapter=\count197
\c@section=\count198
\c@subsection=\count199
\c@subsubsection=\count266
\c@paragraph=\count267
\c@subparagraph=\count268
\c@figure=\count269
\c@table=\count270
\abovecaptionskip=\skip49
\belowcaptionskip=\skip50
\bibindent=\dimen142
) (./preambulo.tex
(/usr/share/texlive/texmf-dist/tex/latex/xcolor/xcolor.sty
Package: xcolor 2024/09/29 v3.02 LaTeX color extensions (UK)

(/usr/share/texlive/texmf-dist/tex/latex/graphics-cfg/color.cfg
File: color.cfg 2016/01/02 v1.6 sample color configuration
)

Package xcolor Warning: Package option `usenames' is obsolete and ignored on in
put line 265.

Package xcolor Info: Driver file: pdftex.def on input line 274.
(/usr/share/texlive/texmf-dist/tex/latex/graphics-def/pdftex.def
File: pdftex.def 2024/04/13 v1.2c Graphics/color driver for pdftex
)
(/usr/share/texlive/texmf-dist/tex/latex/graphics/mathcolor.ltx)
Package xcolor Info: Model `cmy' substituted by `cmy0' on input line 1349.
Package xcolor Info: Model `hsb' substituted by `rgb' on input line 1353.
Package xcolor Info: Model `RGB' extended on input line 1365.
Package xcolor Info: Model `HTML' substituted by `rgb' on input line 1367.
Package xcolor Info: Model `Hsb' substituted by `hsb' on input line 1368.
Package xcolor Info: Model `tHsb' substituted by `hsb' on input line 1369.
Package xcolor Info: Model `HSB' substituted by `hsb' on input line 1370.
Package xcolor Info: Model `Gray' substituted by `gray' on input line 1371.
Package xcolor Info: Model `wave' substituted by `hsb' on input line 1372.
)
(/usr/share/texlive/texmf-dist/tex/latex/graphics/dvipsnam.def
File: dvipsnam.def 2016/06/17 v3.0m Driver-dependent file (DPC,SPQR)
)
(/usr/share/texlive/texmf-dist/tex/latex/xcolor/svgnam.def
File: svgnam.def 2024/09/29 v3.02 Predefined colors according to SVG 1.1 (UK)
)
(/usr/share/texlive/texmf-dist/tex/latex/graphics/graphicx.sty
Package: graphicx 2021/09/16 v1.2d Enhanced LaTeX Graphics (DPC,SPQR)

(/usr/share/texlive/texmf-dist/tex/latex/graphics/keyval.sty
Package: keyval 2022/05/29 v1.15 key=value parser (DPC)
\KV@toks@=\toks17
)
(/usr/share/texlive/texmf-dist/tex/latex/graphics/graphics.sty
Package: graphics 2024/08/06 v1.4g Standard LaTeX Graphics (DPC,SPQR)

(/usr/share/texlive/texmf-dist/tex/latex/graphics/trig.sty
Package: trig 2023/12/02 v1.11 sin cos tan (DPC)
)
(/usr/share/texlive/texmf-dist/tex/latex/graphics-cfg/graphics.cfg
File: graphics.cfg 2016/06/04 v1.11 sample graphics configuration
)
Package graphics Info: Driver file: pdftex.def on input line 106.
)
\Gin@req@height=\dimen143
\Gin@req@width=\dimen144
)
(/usr/share/texlive/texmf-dist/tex/latex/graphics/epsfig.sty
Package: epsfig 2024/01/14 v1.7b (e)psfig emulation (SPQR)
\epsfxsize=\dimen145
\epsfysize=\dimen146
)
(/usr/share/texlive/texmf-dist/tex/latex/pgf/basiclayer/pgf.sty
(/usr/share/texlive/texmf-dist/tex/latex/pgf/utilities/pgfrcs.sty
(/usr/share/texlive/texmf-dist/tex/generic/pgf/utilities/pgfutil-common.tex
\pgfutil@everybye=\toks18
\pgfutil@tempdima=\dimen147
\pgfutil@tempdimb=\dimen148
)
(/usr/share/texlive/texmf-dist/tex/generic/pgf/utilities/pgfutil-latex.def
\pgfutil@abb=\box52
)
(/usr/share/texlive/texmf-dist/tex/generic/pgf/utilities/pgfrcs.code.tex
(/usr/share/texlive/texmf-dist/tex/generic/pgf/pgf.revision.tex)
Package: pgfrcs 2023-01-15 v3.1.10 (3.1.10)
))
Package: pgf 2023-01-15 v3.1.10 (3.1.10)

(/usr/share/texlive/texmf-dist/tex/latex/pgf/basiclayer/pgfcore.sty
(/usr/share/texlive/texmf-dist/tex/latex/pgf/systemlayer/pgfsys.sty
(/usr/share/texlive/texmf-dist/tex/generic/pgf/systemlayer/pgfsys.code.tex
Package: pgfsys 2023-01-15 v3.1.10 (3.1.10)

(/usr/share/texlive/texmf-dist/tex/generic/pgf/utilities/pgfkeys.code.tex
\pgfkeys@pathtoks=\toks19
\pgfkeys@temptoks=\toks20

(/usr/share/texlive/texmf-dist/tex/generic/pgf/utilities/pgfkeyslibraryfiltered
.code.tex
\pgfkeys@tmptoks=\toks21
))
\pgf@x=\dimen149
\pgf@y=\dimen150
\pgf@xa=\dimen151
\pgf@ya=\dimen152
\pgf@xb=\dimen153
\pgf@yb=\dimen154
\pgf@xc=\dimen155
\pgf@yc=\dimen156
\pgf@xd=\dimen157
\pgf@yd=\dimen158
\w@pgf@writea=\write3
\r@pgf@reada=\read2
\c@pgf@counta=\count271
\c@pgf@countb=\count272
\c@pgf@countc=\count273
\c@pgf@countd=\count274
\t@pgf@toka=\toks22
\t@pgf@tokb=\toks23
\t@pgf@tokc=\toks24
\pgf@sys@id@count=\count275
 (/usr/share/texlive/texmf-dist/tex/generic/pgf/systemlayer/pgf.cfg
File: pgf.cfg 2023-01-15 v3.1.10 (3.1.10)
)
Driver file for pgf: pgfsys-pdftex.def
(/usr/share/texlive/texmf-dist/tex/generic/pgf/systemlayer/pgfsys-pdftex.def
File: pgfsys-pdftex.def 2023-01-15 v3.1.10 (3.1.10)

(/usr/share/texlive/texmf-dist/tex/generic/pgf/systemlayer/pgfsys-common-pdf.de
f
File: pgfsys-common-pdf.def 2023-01-15 v3.1.10 (3.1.10)
)))
(/usr/share/texlive/texmf-dist/tex/generic/pgf/systemlayer/pgfsyssoftpath.code.
tex
File: pgfsyssoftpath.code.tex 2023-01-15 v3.1.10 (3.1.10)
\pgfsyssoftpath@smallbuffer@items=\count276
\pgfsyssoftpath@bigbuffer@items=\count277
)
(/usr/share/texlive/texmf-dist/tex/generic/pgf/systemlayer/pgfsysprotocol.code.
tex
File: pgfsysprotocol.code.tex 2023-01-15 v3.1.10 (3.1.10)
))
(/usr/share/texlive/texmf-dist/tex/generic/pgf/basiclayer/pgfcore.code.tex
Package: pgfcore 2023-01-15 v3.1.10 (3.1.10)

(/usr/share/texlive/texmf-dist/tex/generic/pgf/math/pgfmath.code.tex
(/usr/share/texlive/texmf-dist/tex/generic/pgf/math/pgfmathutil.code.tex)
(/usr/share/texlive/texmf-dist/tex/generic/pgf/math/pgfmathparser.code.tex
\pgfmath@dimen=\dimen159
\pgfmath@count=\count278
\pgfmath@box=\box53
\pgfmath@toks=\toks25
\pgfmath@stack@operand=\toks26
\pgfmath@stack@operation=\toks27
)
(/usr/share/texlive/texmf-dist/tex/generic/pgf/math/pgfmathfunctions.code.tex)
(/usr/share/texlive/texmf-dist/tex/generic/pgf/math/pgfmathfunctions.basic.code
.tex)
(/usr/share/texlive/texmf-dist/tex/generic/pgf/math/pgfmathfunctions.trigonomet
ric.code.tex)
(/usr/share/texlive/texmf-dist/tex/generic/pgf/math/pgfmathfunctions.random.cod
e.tex)
(/usr/share/texlive/texmf-dist/tex/generic/pgf/math/pgfmathfunctions.comparison
.code.tex)
(/usr/share/texlive/texmf-dist/tex/generic/pgf/math/pgfmathfunctions.base.code.
tex)
(/usr/share/texlive/texmf-dist/tex/generic/pgf/math/pgfmathfunctions.round.code
.tex)
(/usr/share/texlive/texmf-dist/tex/generic/pgf/math/pgfmathfunctions.misc.code.
tex)
(/usr/share/texlive/texmf-dist/tex/generic/pgf/math/pgfmathfunctions.integerari
thmetics.code.tex)
(/usr/share/texlive/texmf-dist/tex/generic/pgf/math/pgfmathcalc.code.tex)
(/usr/share/texlive/texmf-dist/tex/generic/pgf/math/pgfmathfloat.code.tex
\c@pgfmathroundto@lastzeros=\count279
))
(/usr/share/texlive/texmf-dist/tex/generic/pgf/math/pgfint.code.tex)
(/usr/share/texlive/texmf-dist/tex/generic/pgf/basiclayer/pgfcorepoints.code.te
x
File: pgfcorepoints.code.tex 2023-01-15 v3.1.10 (3.1.10)
\pgf@picminx=\dimen160
\pgf@picmaxx=\dimen161
\pgf@picminy=\dimen162
\pgf@picmaxy=\dimen163
\pgf@pathminx=\dimen164
\pgf@pathmaxx=\dimen165
\pgf@pathminy=\dimen166
\pgf@pathmaxy=\dimen167
\pgf@xx=\dimen168
\pgf@xy=\dimen169
\pgf@yx=\dimen170
\pgf@yy=\dimen171
\pgf@zx=\dimen172
\pgf@zy=\dimen173
)
(/usr/share/texlive/texmf-dist/tex/generic/pgf/basiclayer/pgfcorepathconstruct.
code.tex
File: pgfcorepathconstruct.code.tex 2023-01-15 v3.1.10 (3.1.10)
\pgf@path@lastx=\dimen174
\pgf@path@lasty=\dimen175
)
(/usr/share/texlive/texmf-dist/tex/generic/pgf/basiclayer/pgfcorepathusage.code
.tex
File: pgfcorepathusage.code.tex 2023-01-15 v3.1.10 (3.1.10)
\pgf@shorten@end@additional=\dimen176
\pgf@shorten@start@additional=\dimen177
)
(/usr/share/texlive/texmf-dist/tex/generic/pgf/basiclayer/pgfcorescopes.code.te
x
File: pgfcorescopes.code.tex 2023-01-15 v3.1.10 (3.1.10)
\pgfpic=\box54
\pgf@hbox=\box55
\pgf@layerbox@main=\box56
\pgf@picture@serial@count=\count280
)
(/usr/share/texlive/texmf-dist/tex/generic/pgf/basiclayer/pgfcoregraphicstate.c
ode.tex
File: pgfcoregraphicstate.code.tex 2023-01-15 v3.1.10 (3.1.10)
\pgflinewidth=\dimen178
)
(/usr/share/texlive/texmf-dist/tex/generic/pgf/basiclayer/pgfcoretransformation
s.code.tex
File: pgfcoretransformations.code.tex 2023-01-15 v3.1.10 (3.1.10)
\pgf@pt@x=\dimen179
\pgf@pt@y=\dimen180
\pgf@pt@temp=\dimen181
)
(/usr/share/texlive/texmf-dist/tex/generic/pgf/basiclayer/pgfcorequick.code.tex
File: pgfcorequick.code.tex 2023-01-15 v3.1.10 (3.1.10)
)
(/usr/share/texlive/texmf-dist/tex/generic/pgf/basiclayer/pgfcoreobjects.code.t
ex
File: pgfcoreobjects.code.tex 2023-01-15 v3.1.10 (3.1.10)
)
(/usr/share/texlive/texmf-dist/tex/generic/pgf/basiclayer/pgfcorepathprocessing
.code.tex
File: pgfcorepathprocessing.code.tex 2023-01-15 v3.1.10 (3.1.10)
)
(/usr/share/texlive/texmf-dist/tex/generic/pgf/basiclayer/pgfcorearrows.code.te
x
File: pgfcorearrows.code.tex 2023-01-15 v3.1.10 (3.1.10)
\pgfarrowsep=\dimen182
)
(/usr/share/texlive/texmf-dist/tex/generic/pgf/basiclayer/pgfcoreshade.code.tex
File: pgfcoreshade.code.tex 2023-01-15 v3.1.10 (3.1.10)
\pgf@max=\dimen183
\pgf@sys@shading@range@num=\count281
\pgf@shadingcount=\count282
)
(/usr/share/texlive/texmf-dist/tex/generic/pgf/basiclayer/pgfcoreimage.code.tex
File: pgfcoreimage.code.tex 2023-01-15 v3.1.10 (3.1.10)
)
(/usr/share/texlive/texmf-dist/tex/generic/pgf/basiclayer/pgfcoreexternal.code.
tex
File: pgfcoreexternal.code.tex 2023-01-15 v3.1.10 (3.1.10)
\pgfexternal@startupbox=\box57
)
(/usr/share/texlive/texmf-dist/tex/generic/pgf/basiclayer/pgfcorelayers.code.te
x
File: pgfcorelayers.code.tex 2023-01-15 v3.1.10 (3.1.10)
)
(/usr/share/texlive/texmf-dist/tex/generic/pgf/basiclayer/pgfcoretransparency.c
ode.tex
File: pgfcoretransparency.code.tex 2023-01-15 v3.1.10 (3.1.10)
)
(/usr/share/texlive/texmf-dist/tex/generic/pgf/basiclayer/pgfcorepatterns.code.
tex
File: pgfcorepatterns.code.tex 2023-01-15 v3.1.10 (3.1.10)
)
(/usr/share/texlive/texmf-dist/tex/generic/pgf/basiclayer/pgfcorerdf.code.tex
File: pgfcorerdf.code.tex 2023-01-15 v3.1.10 (3.1.10)
)))
(/usr/share/texlive/texmf-dist/tex/generic/pgf/modules/pgfmoduleshapes.code.tex
File: pgfmoduleshapes.code.tex 2023-01-15 v3.1.10 (3.1.10)
\pgfnodeparttextbox=\box58
) (/usr/share/texlive/texmf-dist/tex/generic/pgf/modules/pgfmoduleplot.code.tex
File: pgfmoduleplot.code.tex 2023-01-15 v3.1.10 (3.1.10)
)
(/usr/share/texlive/texmf-dist/tex/latex/pgf/compatibility/pgfcomp-version-0-65
.sty
Package: pgfcomp-version-0-65 2023-01-15 v3.1.10 (3.1.10)
\pgf@nodesepstart=\dimen184
\pgf@nodesepend=\dimen185
)
(/usr/share/texlive/texmf-dist/tex/latex/pgf/compatibility/pgfcomp-version-1-18
.sty
Package: pgfcomp-version-1-18 2023-01-15 v3.1.10 (3.1.10)
)) (/usr/share/texlive/texmf-dist/tex/latex/pgf/frontendlayer/tikz.sty
(/usr/share/texlive/texmf-dist/tex/latex/pgf/utilities/pgffor.sty
(/usr/share/texlive/texmf-dist/tex/latex/pgf/utilities/pgfkeys.sty
(/usr/share/texlive/texmf-dist/tex/generic/pgf/utilities/pgfkeys.code.tex))
(/usr/share/texlive/texmf-dist/tex/latex/pgf/math/pgfmath.sty
(/usr/share/texlive/texmf-dist/tex/generic/pgf/math/pgfmath.code.tex))
(/usr/share/texlive/texmf-dist/tex/generic/pgf/utilities/pgffor.code.tex
Package: pgffor 2023-01-15 v3.1.10 (3.1.10)
\pgffor@iter=\dimen186
\pgffor@skip=\dimen187
\pgffor@stack=\toks28
\pgffor@toks=\toks29
))
(/usr/share/texlive/texmf-dist/tex/generic/pgf/frontendlayer/tikz/tikz.code.tex
Package: tikz 2023-01-15 v3.1.10 (3.1.10)

(/usr/share/texlive/texmf-dist/tex/generic/pgf/libraries/pgflibraryplothandlers
.code.tex
File: pgflibraryplothandlers.code.tex 2023-01-15 v3.1.10 (3.1.10)
\pgf@plot@mark@count=\count283
\pgfplotmarksize=\dimen188
)
\tikz@lastx=\dimen189
\tikz@lasty=\dimen190
\tikz@lastxsaved=\dimen191
\tikz@lastysaved=\dimen192
\tikz@lastmovetox=\dimen193
\tikz@lastmovetoy=\dimen194
\tikzleveldistance=\dimen195
\tikzsiblingdistance=\dimen196
\tikz@figbox=\box59
\tikz@figbox@bg=\box60
\tikz@tempbox=\box61
\tikz@tempbox@bg=\box62
\tikztreelevel=\count284
\tikznumberofchildren=\count285
\tikznumberofcurrentchild=\count286
\tikz@fig@count=\count287

(/usr/share/texlive/texmf-dist/tex/generic/pgf/modules/pgfmodulematrix.code.tex
File: pgfmodulematrix.code.tex 2023-01-15 v3.1.10 (3.1.10)
\pgfmatrixcurrentrow=\count288
\pgfmatrixcurrentcolumn=\count289
\pgf@matrix@numberofcolumns=\count290
)
\tikz@expandcount=\count291

(/usr/share/texlive/texmf-dist/tex/generic/pgf/frontendlayer/tikz/libraries/tik
zlibrarytopaths.code.tex
File: tikzlibrarytopaths.code.tex 2023-01-15 v3.1.10 (3.1.10)
)))
(/usr/share/texlive/texmf-dist/tex/generic/pgf/frontendlayer/tikz/libraries/tik
zlibrarycalc.code.tex
File: tikzlibrarycalc.code.tex 2023-01-15 v3.1.10 (3.1.10)
)
(/usr/share/texlive/texmf-dist/tex/generic/pgf/frontendlayer/tikz/libraries/tik
zlibrarydecorations.pathreplacing.code.tex
(/usr/share/texlive/texmf-dist/tex/generic/pgf/frontendlayer/tikz/libraries/tik
zlibrarydecorations.code.tex
(/usr/share/texlive/texmf-dist/tex/generic/pgf/modules/pgfmoduledecorations.cod
e.tex
\pgfdecoratedcompleteddistance=\dimen197
\pgfdecoratedremainingdistance=\dimen198
\pgfdecoratedinputsegmentcompleteddistance=\dimen199
\pgfdecoratedinputsegmentremainingdistance=\dimen256
\pgf@decorate@distancetomove=\dimen257
\pgf@decorate@repeatstate=\count292
\pgfdecorationsegmentamplitude=\dimen258
\pgfdecorationsegmentlength=\dimen259
)
\tikz@lib@dec@box=\box63
)
(/usr/share/texlive/texmf-dist/tex/generic/pgf/libraries/decorations/pgflibrary
decorations.pathreplacing.code.tex))
(/usr/share/texlive/texmf-dist/tex/latex/tkz-euclide/tkz-euclide.sty
2024/04/19 5.10c tkz-euclide.sty
Package: tkz-euclide  2024/04/19 5.10c for pure Euclidean Geometry 

(/usr/share/texlive/texmf-dist/tex/generic/pgf/frontendlayer/tikz/libraries/tik
zlibraryangles.code.tex
File: tikzlibraryangles.code.tex 2023-01-15 v3.1.10 (3.1.10)
)
(/usr/share/texlive/texmf-dist/tex/generic/pgf/frontendlayer/tikz/libraries/tik
zlibraryarrows.code.tex
File: tikzlibraryarrows.code.tex 2023-01-15 v3.1.10 (3.1.10)

(/usr/share/texlive/texmf-dist/tex/generic/pgf/libraries/pgflibraryarrows.code.
tex
File: pgflibraryarrows.code.tex 2023-01-15 v3.1.10 (3.1.10)
\arrowsize=\dimen260
))
(/usr/share/texlive/texmf-dist/tex/generic/pgf/libraries/pgflibraryarrows.meta.
code.tex
File: pgflibraryarrows.meta.code.tex 2023-01-15 v3.1.10 (3.1.10)
\pgfarrowinset=\dimen261
\pgfarrowlength=\dimen262
\pgfarrowwidth=\dimen263
\pgfarrowlinewidth=\dimen264
)
(/usr/share/texlive/texmf-dist/tex/generic/pgf/frontendlayer/tikz/libraries/tik
zlibrarybackgrounds.code.tex
File: tikzlibrarybackgrounds.code.tex 2023-01-15 v3.1.10 (3.1.10)
\pgf@layerbox@background=\box64
\pgf@layerboxsaved@background=\box65
)
(/usr/share/texlive/texmf-dist/tex/generic/pgf/frontendlayer/tikz/libraries/tik
zlibrarydecorations.markings.code.tex
(/usr/share/texlive/texmf-dist/tex/generic/pgf/libraries/decorations/pgflibrary
decorations.markings.code.tex))
(/usr/share/texlive/texmf-dist/tex/generic/pgf/frontendlayer/tikz/libraries/tik
zlibrarydecorations.shapes.code.tex
(/usr/share/texlive/texmf-dist/tex/generic/pgf/libraries/decorations/pgflibrary
decorations.shapes.code.tex))
(/usr/share/texlive/texmf-dist/tex/generic/pgf/frontendlayer/tikz/libraries/tik
zlibrarydecorations.text.code.tex
(/usr/share/texlive/texmf-dist/tex/generic/pgf/libraries/decorations/pgflibrary
decorations.text.code.tex
\pgf@lib@dec@text@box=\box66
)
\tikz@lib@dec@te@box=\box67
)
(/usr/share/texlive/texmf-dist/tex/generic/pgf/frontendlayer/tikz/libraries/tik
zlibrarydecorations.pathmorphing.code.tex
(/usr/share/texlive/texmf-dist/tex/generic/pgf/libraries/decorations/pgflibrary
decorations.pathmorphing.code.tex))
(/usr/share/texlive/texmf-dist/tex/generic/pgf/frontendlayer/tikz/libraries/tik
zlibraryintersections.code.tex
(/usr/share/texlive/texmf-dist/tex/generic/pgf/libraries/pgflibraryintersection
s.code.tex
(/usr/share/texlive/texmf-dist/tex/generic/pgf/libraries/pgflibraryfpu.code.tex
)
\pgf@intersect@solutions=\count293
))
(/usr/share/texlive/texmf-dist/tex/generic/pgf/frontendlayer/tikz/libraries/tik
zlibrarymath.code.tex
(/usr/share/texlive/texmf-dist/tex/generic/pgf/frontendlayer/tikz/libraries/tik
zlibraryfpu.code.tex)
\tikz@math@for@depth=\count294
\tikz@math@dimen=\dimen265
\tikz@math@toks=\toks30
)
(/usr/share/texlive/texmf-dist/tex/generic/pgf/frontendlayer/tikz/libraries/tik
zlibraryplotmarks.code.tex
File: tikzlibraryplotmarks.code.tex 2023-01-15 v3.1.10 (3.1.10)

(/usr/share/texlive/texmf-dist/tex/generic/pgf/libraries/pgflibraryplotmarks.co
de.tex
File: pgflibraryplotmarks.code.tex 2023-01-15 v3.1.10 (3.1.10)
))
(/usr/share/texlive/texmf-dist/tex/generic/pgf/frontendlayer/tikz/libraries/tik
zlibrarypositioning.code.tex
File: tikzlibrarypositioning.code.tex 2023-01-15 v3.1.10 (3.1.10)
)
(/usr/share/texlive/texmf-dist/tex/generic/pgf/frontendlayer/tikz/libraries/tik
zlibraryquotes.code.tex
File: tikzlibraryquotes.code.tex 2023-01-15 v3.1.10 (3.1.10)
)
(/usr/share/texlive/texmf-dist/tex/generic/pgf/frontendlayer/tikz/libraries/tik
zlibraryshapes.misc.code.tex
File: tikzlibraryshapes.misc.code.tex 2023-01-15 v3.1.10 (3.1.10)

(/usr/share/texlive/texmf-dist/tex/generic/pgf/libraries/shapes/pgflibraryshape
s.misc.code.tex
File: pgflibraryshapes.misc.code.tex 2023-01-15 v3.1.10 (3.1.10)
))
(/usr/share/texlive/texmf-dist/tex/generic/pgf/frontendlayer/tikz/libraries/tik
zlibrarythrough.code.tex
File: tikzlibrarythrough.code.tex 2023-01-15 v3.1.10 (3.1.10)
)
(/usr/share/texlive/texmf-dist/tex/latex/l3packages/xfp/xfp.sty
(/usr/share/texlive/texmf-dist/tex/latex/l3kernel/expl3.sty
Package: expl3 2025-01-18 L3 programming layer (loader) 

(/usr/share/texlive/texmf-dist/tex/latex/l3backend/l3backend-pdftex.def
File: l3backend-pdftex.def 2024-05-08 L3 backend support: PDF output (pdfTeX)
\l__color_backend_stack_int=\count295
\l__pdf_internal_box=\box68
))
Package: xfp 2024-08-16 L3 Floating point unit
)
(/usr/share/texlive/texmf-dist/tex/latex/xpatch/xpatch.sty
Package: xpatch 2020/03/25 v0.3a Extending etoolbox patching commands

(/usr/share/texlive/texmf-dist/tex/latex/l3packages/xparse/xparse.sty
Package: xparse 2024-08-16 L3 Experimental document command parser
)
(/usr/share/texlive/texmf-dist/tex/latex/etoolbox/etoolbox.sty
Package: etoolbox 2025/02/11 v2.5l e-TeX tools for LaTeX (JAW)
\etb@tempcnta=\count296
))
\tkzRadius=\dimen266
\tkzLength=\dimen267
\tkz@radi=\dimen268
\tkz@ax=\dimen269
\tkz@ay=\dimen270
\tkz@bx=\dimen271
\tkz@by=\dimen272
\tkz@cx=\dimen273
\tkz@cy=\dimen274
\tkz@dx=\dimen275
\tkz@dy=\dimen276
\tkz@cntmk=\count297

Local configuration file tkz-euclide.cfg found and used
(/usr/share/texlive/texmf-dist/tex/latex/tkz-euclide/tkz-euclide.cfg
2024/04/19 5.10c tkz-euclide.cfg
) (/usr/share/texlive/texmf-dist/tex/latex/tkz-euclide/tkz-tools-eu-base.tex
2024/04/19 5.10c tkz-tools-eu-base.tex
)
(/usr/share/texlive/texmf-dist/tex/latex/tkz-euclide/tkz-tools-eu-utilities.tex
2024/04/19 5.10c tkz-tools-eu-utilities.tex
) (/usr/share/texlive/texmf-dist/tex/latex/tkz-euclide/tkz-tools-eu-BB.tex
2024/04/19 5.10c tkz-obj-eu-BB.tex
) (/usr/share/texlive/texmf-dist/tex/latex/tkz-euclide/tkz-obj-eu-grids.tex
2024/04/19 5.10c tkz-obj-eu-grids.tex
) (/usr/share/texlive/texmf-dist/tex/latex/tkz-euclide/tkz-lib-eu-marks.tex
2024/04/19 5.10c tkz-lib-eu-marks.tex
) (/usr/share/texlive/texmf-dist/tex/latex/tkz-euclide/tkz-tools-eu-text.tex
2024/04/19 5.10c tkz-tools-eu-text.tex
) (/usr/share/texlive/texmf-dist/tex/latex/tkz-euclide/tkz-lib-eu-shape.tex
2024/04/19 5.10c tkz-lib-eu-shape.tex
) (/usr/share/texlive/texmf-dist/tex/latex/tkz-euclide/tkz-obj-eu-axesmin.tex
2024/04/19 5.10c tkz-obj-eu-axesmin
) (/usr/share/texlive/texmf-dist/tex/latex/tkz-euclide/tkz-tools-eu-colors.tex
2024/04/19 5.10c tkz-tools-eu-colors
) (/usr/share/texlive/texmf-dist/tex/latex/tkz-euclide/tkz-obj-eu-points.tex
2024/04/19 5.10c tkz-obj-eu-points.tex
) (/usr/share/texlive/texmf-dist/tex/latex/tkz-euclide/tkz-draw-eu-points.tex
2024/04/19 5.10c tkz-draw-eu-points.tex
) (/usr/share/texlive/texmf-dist/tex/latex/tkz-euclide/tkz-obj-eu-points.tex
2024/04/19 5.10c tkz-obj-eu-points.tex
) (/usr/share/texlive/texmf-dist/tex/latex/tkz-euclide/tkz-obj-eu-points-by.tex
2024/04/19 5.10c tkz-tools-eu-points-by.tex
) (/usr/share/texlive/texmf-dist/tex/latex/tkz-euclide/tkz-tools-eu-math.tex
2024/04/19 5.10c tkz-tools-eu-math.tex
)
(/usr/share/texlive/texmf-dist/tex/latex/tkz-euclide/tkz-tools-eu-intersections
.tex
2024/04/19 5.10c tkz-tools-eu-intersections.tex
)
(/usr/share/texlive/texmf-dist/tex/latex/tkz-euclide/tkz-obj-eu-points-with.tex
2024/04/19 5.10c tkz-obj-eu-points-with.tex
)
(/usr/share/texlive/texmf-dist/tex/latex/tkz-euclide/tkz-obj-eu-points-spc.tex
2024/04/19 5.10c tkz-obj-el-points.tex
) (/usr/share/texlive/texmf-dist/tex/latex/tkz-euclide/tkz-tools-eu-angles.tex
2024/04/19 5.10c tkz-tools-eu-angles.tex
) (/usr/share/texlive/texmf-dist/tex/latex/tkz-euclide/tkz-obj-eu-circles.tex
2024/04/19 5.10c tkz-obj-eu-circles.tex
)
(/usr/share/texlive/texmf-dist/tex/latex/tkz-euclide/tkz-obj-eu-circles-by.tex
2024/04/19 5.10c tkz-obj-eu-circles.tex
)
(/usr/share/texlive/texmf-dist/tex/latex/tkz-euclide/tkz-obj-eu-points-rnd.tex
2024/04/19 5.10c tkz-obj-eu-points-rnd.tex
) (/usr/share/texlive/texmf-dist/tex/latex/tkz-euclide/tkz-obj-eu-lines.tex
2024/04/19 5.10c tkz-obj-eu-lines.tex
) (/usr/share/texlive/texmf-dist/tex/latex/tkz-euclide/tkz-obj-eu-polygons.tex
2024/04/19 5.10c tkz-obj-eu-polygons.tex
) (/usr/share/texlive/texmf-dist/tex/latex/tkz-euclide/tkz-obj-eu-triangles.tex
2024/04/19 5.10c tkz-obj-eu-triangles.tex
) (/usr/share/texlive/texmf-dist/tex/latex/tkz-euclide/tkz-draw-eu-lines.tex
2024/04/19 5.10c tkz-obj-eu-draw-lines.tex
) (/usr/share/texlive/texmf-dist/tex/latex/tkz-euclide/tkz-draw-eu-circles.tex
2024/04/19 5.10c tkz-obj-eu-draw-circles.tex
) (/usr/share/texlive/texmf-dist/tex/latex/tkz-euclide/tkz-draw-eu-ellipses.tex
2024/04/19 5.10c tkz-obj-eu-draw-ellipses.tex
) (/usr/share/texlive/texmf-dist/tex/latex/tkz-euclide/tkz-draw-eu-polygons.tex
2024/04/19 5.10c tkz-obj-eu-polygons.tex
) (/usr/share/texlive/texmf-dist/tex/latex/tkz-euclide/tkz-draw-eu-arcs.tex
2024/04/19 5.10c tkz-tool-eu-arcs.tex
) (/usr/share/texlive/texmf-dist/tex/latex/tkz-euclide/tkz-draw-eu-angles.tex
2024/04/19 5.10c tkz-tool-eu-angles.tex
) (/usr/share/texlive/texmf-dist/tex/latex/tkz-euclide/tkz-draw-eu-sectors.tex
2024/04/19 5.10c tkz-obj-eu-sectors.tex
) (/usr/share/texlive/texmf-dist/tex/latex/tkz-euclide/tkz-draw-eu-compass.tex
2024/04/19 5.10c tkz-obj-eu-compass.tex
) (/usr/share/texlive/texmf-dist/tex/latex/tkz-euclide/tkz-draw-eu-show.tex
2024/04/19 5.10c tkz-obj-eu-show.tex
)
(/usr/share/texlive/texmf-dist/tex/latex/tkz-euclide/tkz-draw-eu-protractor.tex
2024/04/19 5.10c tkz-obj-eu-protractor.tex
)) (/usr/share/texlive/texmf-dist/tex/latex/base/inputenc.sty
Package: inputenc 2024/02/08 v1.3d Input encoding file
\inpenc@prehook=\toks31
\inpenc@posthook=\toks32
)
(/usr/share/texlive/texmf-dist/tex/generic/babel/babel.sty
Package: babel 2025/02/14 v25.4 The multilingual framework for pdfLaTeX, LuaLaT
eX and XeLaTeX
\babel@savecnt=\count298
\U@D=\dimen277
\l@unhyphenated=\language90

(/usr/share/texlive/texmf-dist/tex/generic/babel/txtbabel.def)
\bbl@readstream=\read3
\bbl@dirlevel=\count299

(/usr/share/texlive/texmf-dist/tex/generic/babel-portuges/brazil.ldf
Language: portuges 2021/07/09 v1.2t Portuguese support from the babel system
Package babel Info: Hyphen rules for 'brazil' set to \l@portuguese
(babel)             (\language86). Reported on input line 111.
Package babel Info: Making " an active character on input line 143.
))
(/usr/share/texlive/texmf-dist/tex/latex/pythontex/pythontex.sty
Package: pythontex 2021/06/06 v0.18 execute and typeset Python code and other l
anguages

(/usr/share/texlive/texmf-dist/tex/latex/fvextra/fvextra.sty
Package: fvextra 2025/03/04 v1.12.0 fvextra - extensions and patches for fancyv
rb

(/usr/share/texlive/texmf-dist/tex/latex/fancyvrb/fancyvrb.sty
Package: fancyvrb 2024/01/20 4.5c verbatim text (tvz,hv)
\FV@CodeLineNo=\count300
\FV@InFile=\read4
\FV@TabBox=\box69
\c@FancyVerbLine=\count301
\FV@StepNumber=\count302
\FV@OutFile=\write4
)
(/usr/share/texlive/texmf-dist/tex/generic/pdftexcmds/pdftexcmds.sty
Package: pdftexcmds 2020-06-27 v0.33 Utility functions of pdfTeX for LuaTeX (HO
)

(/usr/share/texlive/texmf-dist/tex/generic/infwarerr/infwarerr.sty
Package: infwarerr 2019/12/03 v1.5 Providing info/warning/error messages (HO)
)
(/usr/share/texlive/texmf-dist/tex/generic/iftex/iftex.sty
Package: iftex 2024/12/12 v1.0g TeX engine tests
)
(/usr/share/texlive/texmf-dist/tex/generic/ltxcmds/ltxcmds.sty
Package: ltxcmds 2023-12-04 v1.26 LaTeX kernel commands for general use (HO)
)
Package pdftexcmds Info: \pdf@primitive is available.
Package pdftexcmds Info: \pdf@ifprimitive is available.
Package pdftexcmds Info: \pdfdraftmode found.
)
(/usr/share/texlive/texmf-dist/tex/latex/upquote/upquote.sty
Package: upquote 2012/04/19 v1.3 upright-quote and grave-accent glyphs in verba
tim
)
(/usr/share/texlive/texmf-dist/tex/latex/lineno/lineno.sty
Package: lineno 2025/01/29 line numbers on paragraphs v5.4

(/usr/share/texlive/texmf-dist/tex/latex/kvoptions/kvoptions.sty
Package: kvoptions 2022-06-15 v3.15 Key value format for package options (HO)

(/usr/share/texlive/texmf-dist/tex/latex/kvsetkeys/kvsetkeys.sty
Package: kvsetkeys 2022-10-05 v1.19 Key value parser (HO)
))
\linenopenalty=\count303
\output=\toks33
\linenoprevgraf=\count304
\linenumbersep=\dimen278
\linenumberwidth=\dimen279
\c@linenumber=\count305
\c@pagewiselinenumber=\count306
\c@LN@truepage=\count307
\c@internallinenumber=\count308
\c@internallinenumbers=\count309
\quotelinenumbersep=\dimen280
\bframerule=\dimen281
\bframesep=\dimen282
\bframebox=\box70
LaTeX Info: Redefining \\ on input line 3187.
)
\c@FancyVerbWriteLine=\count310
\c@FancyVerbBufferLine=\count311
\c@FV@TrueTabGroupLevel=\count312
\c@FV@TrueTabCounter=\count313
\FV@TabBox@Group=\box71
\FV@bgcolorstructbox=\box72
\FV@TmpLength=\skip51
\c@FV@HighlightLinesStart=\count314
\c@FV@HighlightLinesStop=\count315
\FV@LoopCount=\count316
\FV@NCharsBox=\box73
\FV@BreakIndent=\dimen283
\FV@BreakIndentNChars=\count317
\FV@BreakSymbolSepLeft=\dimen284
\FV@BreakSymbolSepLeftNChars=\count318
\FV@BreakSymbolSepRight=\dimen285
\FV@BreakSymbolSepRightNChars=\count319
\FV@BreakSymbolIndentLeft=\dimen286
\FV@BreakSymbolIndentLeftNChars=\count320
\FV@BreakSymbolIndentRight=\dimen287
\FV@BreakSymbolIndentRightNChars=\count321
\c@FancyVerbLineBreakLast=\count322
\FV@LineBox=\box74
\FV@LineIndentBox=\box75
\c@FV@BreakBufferDepth=\count323
\FV@LineWidth=\dimen288
)
(/usr/share/texlive/texmf-dist/tex/generic/xstring/xstring.sty
(/usr/share/texlive/texmf-dist/tex/generic/xstring/xstring.tex
\xs_counta=\count324
\xs_countb=\count325
)
Package: xstring 2023/08/22 v1.86 String manipulations (CT)
)
(/usr/share/texlive/texmf-dist/tex/latex/pgfopts/pgfopts.sty
Package: pgfopts 2014/07/10 v2.1a LaTeX package options with pgfkeys
\pgfopts@list@add@a@toks=\toks34
\pgfopts@list@add@b@toks=\toks35
)
(/usr/share/texlive/texmf-dist/tex/latex/newfloat/newfloat.sty
Package: newfloat 2023/10/01 v1.2 Defining new floating environments (AR)
Package newfloat Info: Document class `report' detected (original).
)
(/usr/share/texlive/texmf-dist/tex/latex/currfile/currfile.sty
Package: currfile 2024/03/14 v1.0 Provides the file path elements of the curren
t input file

(/usr/share/texlive/texmf-dist/tex/latex/filehook/filehook.sty
Package: filehook 2022/10/25 v0.8b Hooks for input files

(/usr/share/texlive/texmf-dist/tex/latex/filehook/filehook-2020.sty
Package: filehook-2020 2022/10/25 v0.8b Hooks for input files
))
\c@currfiledepth=\count326
)
\pytx@codefile=\write5
\openout5 = `calculo3-notas-de-aula.pytxcode'.

\c@pytx@FancyVerbLineTemp=\count327
\c@pytx@py@default@default=\count328
\c@pytx@pycon@default@default=\count329
\c@pytx@sympy@default@default=\count330
\c@pytx@sympycon@default@default=\count331
\c@pytx@pylab@default@default=\count332
\c@pytx@pylabcon@default@default=\count333
)
(/usr/share/texlive/texmf-dist/tex/latex/amsfonts/amsfonts.sty
Package: amsfonts 2013/01/14 v3.01 Basic AMSFonts support
\@emptytoks=\toks36
\symAMSa=\mathgroup4
\symAMSb=\mathgroup5
LaTeX Font Info:    Redeclaring math symbol \hbar on input line 98.
LaTeX Font Info:    Overwriting math alphabet `\mathfrak' in version `bold'
(Font)                  U/euf/m/n --> U/euf/b/n on input line 106.
)
(/usr/share/texlive/texmf-dist/tex/latex/mathtools/mathtools.sty
Package: mathtools 2024/10/04 v1.31 mathematical typesetting tools

(/usr/share/texlive/texmf-dist/tex/latex/tools/calc.sty
Package: calc 2023/07/08 v4.3 Infix arithmetic (KKT,FJ)
\calc@Acount=\count334
\calc@Bcount=\count335
\calc@Adimen=\dimen289
\calc@Bdimen=\dimen290
\calc@Askip=\skip52
\calc@Bskip=\skip53
LaTeX Info: Redefining \setlength on input line 80.
LaTeX Info: Redefining \addtolength on input line 81.
\calc@Ccount=\count336
\calc@Cskip=\skip54
)
(/usr/share/texlive/texmf-dist/tex/latex/mathtools/mhsetup.sty
Package: mhsetup 2021/03/18 v1.4 programming setup (MH)
)
(/usr/share/texlive/texmf-dist/tex/latex/amsmath/amsmath.sty
Package: amsmath 2024/11/05 v2.17t AMS math features
\@mathmargin=\skip55

For additional information on amsmath, use the `?' option.
(/usr/share/texlive/texmf-dist/tex/latex/amsmath/amstext.sty
Package: amstext 2021/08/26 v2.01 AMS text

(/usr/share/texlive/texmf-dist/tex/latex/amsmath/amsgen.sty
File: amsgen.sty 1999/11/30 v2.0 generic functions
\@emptytoks=\toks37
\ex@=\dimen291
))
(/usr/share/texlive/texmf-dist/tex/latex/amsmath/amsbsy.sty
Package: amsbsy 1999/11/29 v1.2d Bold Symbols
\pmbraise@=\dimen292
)
(/usr/share/texlive/texmf-dist/tex/latex/amsmath/amsopn.sty
Package: amsopn 2022/04/08 v2.04 operator names
)
\inf@bad=\count337
LaTeX Info: Redefining \frac on input line 233.
\uproot@=\count338
\leftroot@=\count339
LaTeX Info: Redefining \overline on input line 398.
LaTeX Info: Redefining \colon on input line 409.
\classnum@=\count340
\DOTSCASE@=\count341
LaTeX Info: Redefining \ldots on input line 495.
LaTeX Info: Redefining \dots on input line 498.
LaTeX Info: Redefining \cdots on input line 619.
\Mathstrutbox@=\box76
\strutbox@=\box77
LaTeX Info: Redefining \big on input line 721.
LaTeX Info: Redefining \Big on input line 722.
LaTeX Info: Redefining \bigg on input line 723.
LaTeX Info: Redefining \Bigg on input line 724.
\big@size=\dimen293
LaTeX Font Info:    Redeclaring font encoding OML on input line 742.
LaTeX Font Info:    Redeclaring font encoding OMS on input line 743.
\macc@depth=\count342
LaTeX Info: Redefining \bmod on input line 904.
LaTeX Info: Redefining \pmod on input line 909.
LaTeX Info: Redefining \smash on input line 939.
LaTeX Info: Redefining \relbar on input line 969.
LaTeX Info: Redefining \Relbar on input line 970.
\c@MaxMatrixCols=\count343
\dotsspace@=\muskip17
\c@parentequation=\count344
\dspbrk@lvl=\count345
\tag@help=\toks38
\row@=\count346
\column@=\count347
\maxfields@=\count348
\andhelp@=\toks39
\eqnshift@=\dimen294
\alignsep@=\dimen295
\tagshift@=\dimen296
\tagwidth@=\dimen297
\totwidth@=\dimen298
\lineht@=\dimen299
\@envbody=\toks40
\multlinegap=\skip56
\multlinetaggap=\skip57
\mathdisplay@stack=\toks41
LaTeX Info: Redefining \[ on input line 2953.
LaTeX Info: Redefining \] on input line 2954.
)
\@LN@amsmath@ams@eqpen=\count349
\g_MT_multlinerow_int=\count350
\l_MT_multwidth_dim=\dimen300
\origjot=\skip58
\l_MT_shortvdotswithinadjustabove_dim=\dimen301
\l_MT_shortvdotswithinadjustbelow_dim=\dimen302
\l_MT_above_intertext_sep=\dimen303
\l_MT_below_intertext_sep=\dimen304
\l_MT_above_shortintertext_sep=\dimen305
\l_MT_below_shortintertext_sep=\dimen306
\xmathstrut@box=\box78
\xmathstrut@dim=\dimen307
)
(/usr/share/texlive/texmf-dist/tex/latex/amscls/amsthm.sty
Package: amsthm 2020/05/29 v2.20.6
\thm@style=\toks42
\thm@bodyfont=\toks43
\thm@headfont=\toks44
\thm@notefont=\toks45
\thm@headpunct=\toks46
\thm@preskip=\skip59
\thm@postskip=\skip60
\thm@headsep=\skip61
\dth@everypar=\toks47
)
(/usr/share/texlive/texmf-dist/tex/latex/amsfonts/amssymb.sty
Package: amssymb 2013/01/14 v3.01 AMS font symbols
)
(/usr/share/texlive/texmf-dist/tex/latex/stmaryrd/stmaryrd.sty
Package: stmaryrd 1994/03/03 St Mary's Road symbol package
\symstmry=\mathgroup6
LaTeX Font Info:    Overwriting symbol font `stmry' in version `bold'
(Font)                  U/stmry/m/n --> U/stmry/b/n on input line 89.
)
(/usr/share/texlive/texmf-dist/tex/latex/fancyhdr/fancyhdr.sty
Package: fancyhdr 2025/02/07 v5.2 Extensive control of page headers and footers

\f@nch@headwidth=\skip62
\f@nch@offset@elh=\skip63
\f@nch@offset@erh=\skip64
\f@nch@offset@olh=\skip65
\f@nch@offset@orh=\skip66
\f@nch@offset@elf=\skip67
\f@nch@offset@erf=\skip68
\f@nch@offset@olf=\skip69
\f@nch@offset@orf=\skip70
\f@nch@height=\skip71
\f@nch@footalignment=\skip72
\f@nch@widthL=\skip73
\f@nch@widthC=\skip74
\f@nch@widthR=\skip75
\@temptokenb=\toks48
)
(/usr/share/texlive/texmf-dist/tex/latex/base/makeidx.sty
Package: makeidx 2021/10/04 v1.0m Standard LaTeX package
)
(/usr/share/texlive/texmf-dist/tex/latex/tools/enumerate.sty
Package: enumerate 2023/07/04 v3.00 enumerate extensions (DPC)
\@enLab=\toks49
)
(/usr/share/texlive/texmf-dist/tex/latex/wrapfig/wrapfig.sty
\wrapoverhang=\dimen308
\WF@size=\dimen309
\c@WF@wrappedlines=\count351
\WF@box=\box79
\WF@everypar=\toks50
Package: wrapfig 2003/01/31  v 3.6
)
(/usr/share/texlive/texmf-dist/tex/latex/tools/xspace.sty
Package: xspace 2014/10/28 v1.13 Space after command names (DPC,MH)
)
(/usr/share/texlive/texmf-dist/tex/latex/setspace/setspace.sty
Package: setspace 2022/12/04 v6.7b set line spacing
)
(/usr/share/texlive/texmf-dist/tex/latex/titlesec/titlesec.sty
Package: titlesec 2025/01/04 v2.17 Sectioning titles
\ttl@box=\box80
\beforetitleunit=\skip76
\aftertitleunit=\skip77
\ttl@plus=\dimen310
\ttl@minus=\dimen311
\ttl@toksa=\toks51
\titlewidth=\dimen312
\titlewidthlast=\dimen313
\titlewidthfirst=\dimen314
)
(/usr/share/texlive/texmf-dist/tex/latex/geometry/geometry.sty
Package: geometry 2020/01/02 v5.9 Page Geometry

(/usr/share/texlive/texmf-dist/tex/generic/iftex/ifvtex.sty
Package: ifvtex 2019/10/25 v1.7 ifvtex legacy package. Use iftex instead.
)
\Gm@cnth=\count352
\Gm@cntv=\count353
\c@Gm@tempcnt=\count354
\Gm@bindingoffset=\dimen315
\Gm@wd@mp=\dimen316
\Gm@odd@mp=\dimen317
\Gm@even@mp=\dimen318
\Gm@layoutwidth=\dimen319
\Gm@layoutheight=\dimen320
\Gm@layouthoffset=\dimen321
\Gm@layoutvoffset=\dimen322
\Gm@dimlist=\toks52
)
(/usr/share/texlive/texmf-dist/tex/latex/tabu/tabu.sty
Package: tabu 2019/01/11 v2.9 - flexible LaTeX tabulars (FC+tabu-fixed) + inter
mediate FMi

(/usr/share/texlive/texmf-dist/tex/latex/tools/array.sty
Package: array 2024/10/17 v2.6g Tabular extension package (FMi)
\col@sep=\dimen323
\ar@mcellbox=\box81
\extrarowheight=\dimen324
\NC@list=\toks53
\extratabsurround=\skip78
\backup@length=\skip79
\ar@cellbox=\box82
)
(/usr/share/texlive/texmf-dist/tex/latex/varwidth/varwidth.sty
Package: varwidth 2009/03/30 ver 0.92;  Variable-width minipages
\@vwid@box=\box83
\sift@deathcycles=\count355
\@vwid@loff=\dimen325
\@vwid@roff=\dimen326
)
\c@taburow=\count356
\tabu@nbcols=\count357
\tabu@cnt=\count358
\tabu@Xcol=\count359
\tabu@alloc=\count360
\tabu@nested=\count361
\tabu@target=\dimen327
\tabu@spreadtarget=\dimen328
\tabu@naturalX=\dimen329
\tabucolX=\dimen330
\tabu@Xsum=\dimen331
\extrarowdepth=\dimen332
\abovetabulinesep=\dimen333
\belowtabulinesep=\dimen334
\tabustrutrule=\dimen335
\tabu@thebody=\toks54
\tabu@footnotes=\toks55
\tabu@box=\box84
\tabu@arstrutbox=\box85
\tabu@hleads=\box86
\tabu@vleads=\box87
\tabu@cellskip=\skip80
)
(/usr/share/texlive/texmf-dist/tex/latex/tools/multicol.sty
Package: multicol 2024/09/14 v1.9i multicolumn formatting (FMi)
\c@tracingmulticols=\count362
\mult@box=\box88
\multicol@leftmargin=\dimen336
\c@unbalance=\count363
\c@collectmore=\count364
\doublecol@number=\count365
\multicoltolerance=\count366
\multicolpretolerance=\count367
\full@width=\dimen337
\page@free=\dimen338
\premulticols=\dimen339
\postmulticols=\dimen340
\multicolsep=\skip81
\multicolbaselineskip=\skip82
\partial@page=\box89
\last@line=\box90
\mc@boxedresult=\box91
\maxbalancingoverflow=\dimen341
\mult@rightbox=\box92
\mult@grightbox=\box93
\mult@firstbox=\box94
\mult@gfirstbox=\box95
\@tempa=\box96
\@tempa=\box97
\@tempa=\box98
\@tempa=\box99
\@tempa=\box100
\@tempa=\box101
\@tempa=\box102
\@tempa=\box103
\@tempa=\box104
\@tempa=\box105
\@tempa=\box106
\@tempa=\box107
\@tempa=\box108
\@tempa=\box109
\@tempa=\box110
\@tempa=\box111
\@tempa=\box112
\@tempa=\box113
\@tempa=\box114
\@tempa=\box115
\@tempa=\box116
\@tempa=\box117
\@tempa=\box118
\@tempa=\box119
\@tempa=\box120
\@tempa=\box121
\@tempa=\box122
\@tempa=\box123
\@tempa=\box124
\@tempa=\box125
\@tempa=\box126
\@tempa=\box127
\@tempa=\box128
\@tempa=\box129
\@tempa=\box130
\@tempa=\box131
\c@minrows=\count368
\c@columnbadness=\count369
\c@finalcolumnbadness=\count370
\last@try=\dimen342
\multicolovershoot=\dimen343
\multicolundershoot=\dimen344
\mult@nat@firstbox=\box132
\colbreak@box=\box133
\mc@col@check@num=\count371
)
(/usr/share/texlive/texmf-dist/tex/latex/ccicons/ccicons.sty
Package: ccicons 2017/10/30 v1.6 LaTeX support for Creative Commons icons

(/usr/share/texlive/texmf-dist/tex/latex/xkeyval/xkeyval.sty
Package: xkeyval 2022/06/16 v2.9 package option processing (HA)

(/usr/share/texlive/texmf-dist/tex/generic/xkeyval/xkeyval.tex
(/usr/share/texlive/texmf-dist/tex/generic/xkeyval/xkvutils.tex
\XKV@toks=\toks56
\XKV@tempa@toks=\toks57
)
\XKV@depth=\count372
File: xkeyval.tex 2014/12/03 v2.7a key=value parser (HA)
)))
(/usr/share/texlive/texmf-dist/tex/latex/makecell/makecell.sty
Package: makecell 2009/08/03 V0.1e Managing of Tab Column Heads and Cells
\rotheadsize=\dimen345
\c@nlinenum=\count373
\TeXr@lab=\toks58
)
(/usr/share/texlive/texmf-dist/tex/latex/datetime/datetime.sty
Package: datetime 2015/03/20 v2.60 Date Time Package

(/usr/share/texlive/texmf-dist/tex/latex/fmtcount/fmtcount.sty
Package: fmtcount 2025/02/09 v3.10 Displaying the values of LaTeX counters (NT,
VB,NE)

(/usr/share/texlive/texmf-dist/tex/latex/base/ifthen.sty
Package: ifthen 2024/03/16 v1.1e Standard LaTeX ifthen package (DPC)
)
(/usr/share/texlive/texmf-dist/tex/latex/fmtcount/fcprefix.sty
Package: fcprefix 2012/09/28

(/usr/share/texlive/texmf-dist/tex/latex/fmtcount/fcnumparser.sty
Package: fcnumparser 2017/06/15
\fc@digit@counter=\count374
))
\c@padzeroesN=\count375
\fc@tmpcatcode=\count376

(/usr/share/texlive/texmf-dist/tex/latex/fmtcount/fc-portuges.def
File: fc-portuges.def 2017/12/26
)
\@DT@modctr=\count377
\@ordinalctr=\count378
\@orgargctr=\count379
\@strctr=\count380
\@tmpstrctr=\count381
\@DT@loopN=\count382
\@DT@X=\count383
)
(/usr/share/texlive/texmf-dist/tex/latex/datetime/datetime-defaults.sty
Package: datetime-defaults 2013/09/10
)
\@day=\count384
\@month=\count385
\@year=\count386
\c@HOUR=\count387
\c@HOURXII=\count388
\c@MINUTE=\count389
\c@TOHOUR=\count390
\c@TOMINUTE=\count391
\c@SECOND=\count392
\currenthour=\count393
\currentminute=\count394
\currentsecond=\count395
Package datetime Info: No datetime.cfg file found, using default settings on in
put line 308.
\@dtctr=\count396
\dayofyear=\count397
\dayofweek=\count398
LaTeX Info: Redefining \today on input line 736.
\dt@a=\toks59
\dt@b=\toks60
)
(/usr/share/texlive/texmf-dist/tex/latex/tcolorbox/tcolorbox.sty
Package: tcolorbox 2024/10/22 version 6.4.1 text color boxes

(/usr/share/texlive/texmf-dist/tex/latex/tools/verbatim.sty
Package: verbatim 2024-01-22 v1.5x LaTeX2e package for verbatim enhancements
\every@verbatim=\toks61
\verbatim@line=\toks62
\verbatim@in@stream=\read5
)
(/usr/share/texlive/texmf-dist/tex/latex/environ/environ.sty
Package: environ 2014/05/04 v0.3 A new way to define environments

(/usr/share/texlive/texmf-dist/tex/latex/trimspaces/trimspaces.sty
Package: trimspaces 2009/09/17 v1.1 Trim spaces around a token list
))
\tcb@titlebox=\box134
\tcb@upperbox=\box135
\tcb@lowerbox=\box136
\tcb@phantombox=\box137
\c@tcbbreakpart=\count399
\c@tcblayer=\count400
\c@tcolorbox@number=\count401
\l__tcobox_tmpa_box=\box138
\l__tcobox_tmpa_dim=\dimen346
\tcb@temp=\box139
\tcb@temp=\box140
\tcb@temp=\box141
\tcb@temp=\box142

(/usr/share/texlive/texmf-dist/tex/latex/tcolorbox/tcbraster.code.tex
Library (tcolorbox): 'tcbraster.code.tex' version '6.4.1'
\c@tcbrastercolumn=\count402
\c@tcbrasterrow=\count403
\c@tcbrasternum=\count404
\c@tcbraster=\count405
) (/usr/share/texlive/texmf-dist/tex/latex/tcolorbox/tcbskins.code.tex
Library (tcolorbox): 'tcbskins.code.tex' version '6.4.1'
(/usr/share/texlive/texmf-dist/tex/latex/tikzfill/tikzfill.image.sty
Package: tikzfill.image 2023/08/08 v1.0.1 Image filling library for TikZ

(/usr/share/texlive/texmf-dist/tex/latex/tikzfill/tikzfill-common.sty
Package: tikzfill-common 2023/08/08 v1.0.1 Auxiliary code for tikzfill
)
(/usr/share/texlive/texmf-dist/tex/latex/tikzfill/tikzlibraryfill.image.code.te
x
File: tikzlibraryfill.image.code.tex 2023/08/08 v1.0.1 Image filling library
\l__tikzfill_img_box=\box143
)) (/usr/share/texlive/texmf-dist/tex/latex/tcolorbox/tcbskinsjigsaw.code.tex
Library (tcolorbox): 'tcbskinsjigsaw.code.tex' version '6.4.1'
)) (/usr/share/texlive/texmf-dist/tex/latex/tcolorbox/tcbbreakable.code.tex
Library (tcolorbox): 'tcbbreakable.code.tex' version '6.4.1'
(/usr/share/texlive/texmf-dist/tex/latex/pdfcol/pdfcol.sty
Package: pdfcol 2022-09-21 v1.7 Handle new color stacks for pdfTeX (HO)
)
Package pdfcol Info: New color stack `tcb@breakable' = 1 on input line 23.
\tcb@testbox=\box144
\tcb@totalupperbox=\box145
\tcb@totallowerbox=\box146
)
(/usr/share/texlive/texmf-dist/tex/latex/tcolorbox/tcbhooks.code.tex
Library (tcolorbox): 'tcbhooks.code.tex' version '6.4.1'
) (/usr/share/texlive/texmf-dist/tex/latex/tcolorbox/tcbtheorems.code.tex
Library (tcolorbox): 'tcbtheorems.code.tex' version '6.4.1'
) (/usr/share/texlive/texmf-dist/tex/latex/tcolorbox/tcbfitting.code.tex
Library (tcolorbox): 'tcbfitting.code.tex' version '6.4.1'
\tcbfitdim=\dimen347
\tcb@lowerfitdim=\dimen348
\tcb@upperfitdim=\dimen349
\tcb@cur@hbadness=\count406
)) (/usr/share/texlive/texmf-dist/tex/latex/hyperref/hyperref.sty
Package: hyperref 2024-11-05 v7.01l Hypertext links for LaTeX

(/usr/share/texlive/texmf-dist/tex/generic/kvdefinekeys/kvdefinekeys.sty
Package: kvdefinekeys 2019-12-19 v1.6 Define keys (HO)
)
(/usr/share/texlive/texmf-dist/tex/generic/pdfescape/pdfescape.sty
Package: pdfescape 2019/12/09 v1.15 Implements pdfTeX's escape features (HO)
)
(/usr/share/texlive/texmf-dist/tex/latex/hycolor/hycolor.sty
Package: hycolor 2020-01-27 v1.10 Color options for hyperref/bookmark (HO)
)
(/usr/share/texlive/texmf-dist/tex/latex/hyperref/nameref.sty
Package: nameref 2023-11-26 v2.56 Cross-referencing by name of section

(/usr/share/texlive/texmf-dist/tex/latex/refcount/refcount.sty
Package: refcount 2019/12/15 v3.6 Data extraction from label references (HO)
)
(/usr/share/texlive/texmf-dist/tex/generic/gettitlestring/gettitlestring.sty
Package: gettitlestring 2019/12/15 v1.6 Cleanup title references (HO)
)
\c@section@level=\count407
)
(/usr/share/texlive/texmf-dist/tex/generic/stringenc/stringenc.sty
Package: stringenc 2019/11/29 v1.12 Convert strings between diff. encodings (HO
)
)
\@linkdim=\dimen350
\Hy@linkcounter=\count408
\Hy@pagecounter=\count409

(/usr/share/texlive/texmf-dist/tex/latex/hyperref/pd1enc.def
File: pd1enc.def 2024-11-05 v7.01l Hyperref: PDFDocEncoding definition (HO)
Now handling font encoding PD1 ...
... no UTF-8 mapping file for font encoding PD1
)
(/usr/share/texlive/texmf-dist/tex/generic/intcalc/intcalc.sty
Package: intcalc 2019/12/15 v1.3 Expandable calculations with integers (HO)
)
\Hy@SavedSpaceFactor=\count410

(/usr/share/texlive/texmf-dist/tex/latex/hyperref/puenc.def
File: puenc.def 2024-11-05 v7.01l Hyperref: PDF Unicode definition (HO)
Now handling font encoding PU ...
... no UTF-8 mapping file for font encoding PU
)
Package hyperref Info: Hyper figures OFF on input line 4157.
Package hyperref Info: Link nesting OFF on input line 4162.
Package hyperref Info: Hyper index ON on input line 4165.
Package hyperref Info: Plain pages OFF on input line 4172.
Package hyperref Info: Backreferencing OFF on input line 4177.
Package hyperref Info: Implicit mode ON; LaTeX internals redefined.
Package hyperref Info: Bookmarks ON on input line 4424.
\c@Hy@tempcnt=\count411

(/usr/share/texlive/texmf-dist/tex/latex/url/url.sty
\Urlmuskip=\muskip18
Package: url 2013/09/16  ver 3.4  Verb mode for urls, etc.
)
LaTeX Info: Redefining \url on input line 4763.
\XeTeXLinkMargin=\dimen351

(/usr/share/texlive/texmf-dist/tex/generic/bitset/bitset.sty
Package: bitset 2019/12/09 v1.3 Handle bit-vector datatype (HO)

(/usr/share/texlive/texmf-dist/tex/generic/bigintcalc/bigintcalc.sty
Package: bigintcalc 2019/12/15 v1.5 Expandable calculations on big integers (HO
)
))
\Fld@menulength=\count412
\Field@Width=\dimen352
\Fld@charsize=\dimen353
Package hyperref Info: Hyper figures OFF on input line 6042.
Package hyperref Info: Link nesting OFF on input line 6047.
Package hyperref Info: Hyper index ON on input line 6050.
Package hyperref Info: backreferencing OFF on input line 6057.
Package hyperref Info: Link coloring OFF on input line 6062.
Package hyperref Info: Link coloring with OCG OFF on input line 6067.
Package hyperref Info: PDF/A mode OFF on input line 6072.

(/usr/share/texlive/texmf-dist/tex/latex/base/atbegshi-ltx.sty
Package: atbegshi-ltx 2021/01/10 v1.0c Emulation of the original atbegshi
package with kernel methods
)
\Hy@abspage=\count413
\c@Item=\count414
\c@Hfootnote=\count415
)
Package hyperref Info: Driver (autodetected): hpdftex.

(/usr/share/texlive/texmf-dist/tex/latex/hyperref/hpdftex.def
File: hpdftex.def 2024-11-05 v7.01l Hyperref driver for pdfTeX

(/usr/share/texlive/texmf-dist/tex/latex/base/atveryend-ltx.sty
Package: atveryend-ltx 2020/08/19 v1.0a Emulation of the original atveryend pac
kage
with kernel methods
)
\Fld@listcount=\count416
\c@bookmark@seq@number=\count417

(/usr/share/texlive/texmf-dist/tex/latex/rerunfilecheck/rerunfilecheck.sty
Package: rerunfilecheck 2022-07-10 v1.10 Rerun checks for auxiliary files (HO)

(/usr/share/texlive/texmf-dist/tex/generic/uniquecounter/uniquecounter.sty
Package: uniquecounter 2019/12/15 v1.4 Provide unlimited unique counter (HO)
)
Package uniquecounter Info: New unique counter `rerunfilecheck' on input line 2
85.
)
\Hy@SectionHShift=\skip83
)
Package hyperref Info: Option `colorlinks' set `true' on input line 45.

(/usr/share/texlive/texmf-dist/tex/latex/bookmark/bookmark.sty
Package: bookmark 2023-12-10 v1.31 PDF bookmarks (HO)

(/usr/share/texlive/texmf-dist/tex/latex/bookmark/bkm-pdftex.def
File: bkm-pdftex.def 2023-12-10 v1.31 bookmark driver for pdfTeX and luaTeX (HO
)
\BKM@id=\count418
))
(/usr/share/texlive/texmf-dist/tex/latex/coffeestains/coffeestains.sty
Package: coffeestains 2021/05/07 coffeestains version 0.5
)
(/usr/share/texlive/texmf-dist/tex/latex/doclicense/doclicense.sty
Package: doclicense 2023/10/01 v3.3.0 Support for putting documents under a lic
ense

(/usr/share/texlive/texmf-dist/tex/latex/xifthen/xifthen.sty
Package: xifthen 2015/11/05 v1.4.0 Extended ifthen features

(/usr/share/texlive/texmf-dist/tex/latex/ifmtarg/ifmtarg.sty
Package: ifmtarg 2018/04/16 v1.2b check for an empty argument
))
(/usr/share/texlive/texmf-dist/tex/latex/hyperxmp/hyperxmp.sty
Package: hyperxmp 2024/03/17 v5.13 Store hyperref metadata in XMP format
\hyxmp@aep@toks=\toks63
\@hyxmp@count=\count419

(/usr/share/texlive/texmf-dist/tex/latex/oberdiek/ifdraft.sty
Package: ifdraft 2016/05/16 v1.4 Detect class options draft and final (HO)
)
(/usr/share/texlive/texmf-dist/tex/generic/iftex/ifluatex.sty
Package: ifluatex 2019/10/25 v1.5 ifluatex legacy package. Use iftex instead.
))
\doclicense@hsize=\skip84

(/usr/share/texlive/texmf-dist/tex/latex/doclicense/doclicense-brazilian.ldf
File: doclicense-brazilian.ldf 
))
\@indexfile=\write6
\openout6 = `calculo3-notas-de-aula.idx'.


Writing index file calculo3-notas-de-aula.idx
\c@tcb@cnt@theoremb=\count420
\c@tcb@cnt@casab=\count421
\c@theorem=\count422
) (/usr/share/texlive/texmf-dist/tex/latex/csquotes/csquotes.sty
Package: csquotes 2024-04-04 v5.2o context-sensitive quotations (JAW)
\csq@reset=\count423
\csq@gtype=\count424
\csq@glevel=\count425
\csq@qlevel=\count426
\csq@maxlvl=\count427
\csq@tshold=\count428
\csq@ltx@everypar=\toks64

(/usr/share/texlive/texmf-dist/tex/latex/csquotes/csquotes.def
File: csquotes.def 2024-04-04 v5.2o csquotes generic definitions (JAW)
)
Package csquotes Info: Trying to load configuration file 'csquotes.cfg'...
Package csquotes Info: ... configuration file loaded successfully.

(/usr/share/texlive/texmf-dist/tex/latex/csquotes/csquotes.cfg
File: csquotes.cfg 
))
(./calculo3-notas-de-aula.aux (./aulas/introducao.aux) (./aulas/quadricas.aux)
(./aulas/polares.aux) (./aulas/calculovetorial.aux))
\openout1 = `calculo3-notas-de-aula.aux'.

LaTeX Font Info:    Checking defaults for OML/cmm/m/it on input line 11.
LaTeX Font Info:    ... okay on input line 11.
LaTeX Font Info:    Checking defaults for OMS/cmsy/m/n on input line 11.
LaTeX Font Info:    ... okay on input line 11.
LaTeX Font Info:    Checking defaults for OT1/cmr/m/n on input line 11.
LaTeX Font Info:    ... okay on input line 11.
LaTeX Font Info:    Checking defaults for T1/cmr/m/n on input line 11.
LaTeX Font Info:    ... okay on input line 11.
LaTeX Font Info:    Checking defaults for TS1/cmr/m/n on input line 11.
LaTeX Font Info:    ... okay on input line 11.
LaTeX Font Info:    Checking defaults for OMX/cmex/m/n on input line 11.
LaTeX Font Info:    ... okay on input line 11.
LaTeX Font Info:    Checking defaults for U/cmr/m/n on input line 11.
LaTeX Font Info:    ... okay on input line 11.
LaTeX Font Info:    Checking defaults for PD1/pdf/m/n on input line 11.
LaTeX Font Info:    ... okay on input line 11.
LaTeX Font Info:    Checking defaults for PU/pdf/m/n on input line 11.
LaTeX Font Info:    ... okay on input line 11.

(/usr/share/texlive/texmf-dist/tex/context/base/mkii/supp-pdf.mkii
[Loading MPS to PDF converter (version 2006.09.02).]
\scratchcounter=\count429
\scratchdimen=\dimen354
\scratchbox=\box147
\nofMPsegments=\count430
\nofMParguments=\count431
\everyMPshowfont=\toks65
\MPscratchCnt=\count432
\MPscratchDim=\dimen355
\MPnumerator=\count433
\makeMPintoPDFobject=\count434
\everyMPtoPDFconversion=\toks66
) (/usr/share/texlive/texmf-dist/tex/latex/epstopdf-pkg/epstopdf-base.sty
Package: epstopdf-base 2020-01-24 v2.11 Base part for package epstopdf
Package epstopdf-base Info: Redefining graphics rule for `.eps' on input line 4
85.

(/usr/share/texlive/texmf-dist/tex/latex/latexconfig/epstopdf-sys.cfg
File: epstopdf-sys.cfg 2010/07/13 v1.3 Configuration of (r)epstopdf for TeX Liv
e
))
Package newfloat Info: `wrapfig' package detected.

(./pythontex-files-calculo3-notas-de-aula/calculo3-notas-de-aula.pytxmcr)
Package newfloat Info: New float `listing' with options `fileext=lopytx' on inp
ut line 11.
\c@listing=\count435
\newfloat@ftype=\count436
Package newfloat Info: float type `listing'=8 on input line 11.

*geometry* driver: auto-detecting
*geometry* detected driver: pdftex
*geometry* verbose mode - [ preamble ] result:
* driver: pdftex
* paper: <default>
* layout: <same size as paper>
* layoutoffset:(h,v)=(0.0pt,0.0pt)
* modes: 
* h-part:(L,W,R)=(28.45274pt, 557.38951pt, 28.45274pt)
* v-part:(T,H,B)=(42.67912pt, 709.61174pt, 42.67912pt)
* \paperwidth=614.295pt
* \paperheight=794.96999pt
* \textwidth=557.38951pt
* \textheight=709.61174pt
* \oddsidemargin=-43.81725pt
* \evensidemargin=-43.81725pt
* \topmargin=-68.59087pt
* \headheight=14.0pt
* \headsep=25.0pt
* \topskip=14.0pt
* \footskip=30.0pt
* \marginparwidth=24.0pt
* \marginparsep=10.0pt
* \columnsep=10.0pt
* \skip\footins=12.0pt plus 4.0pt minus 2.0pt
* \hoffset=0.0pt
* \voffset=0.0pt
* \mag=1000
* \@twocolumnfalse
* \@twosidefalse
* \@mparswitchfalse
* \@reversemarginfalse
* (1in=72.27pt=25.4mm, 1cm=28.453pt)

Package hyperref Info: Link coloring ON on input line 11.
(./pythontex-files-calculo3-notas-de-aula/calculo3-notas-de-aula.pytxpyg)
<brasao-cor.png, id=7, 607.26875pt x 683.55376pt>
File: brasao-cor.png Graphic file (type png)
<use brasao-cor.png>
Package pdftex.def Info: brasao-cor.png  used on input line 14.
(pdftex.def)             Requested size: 91.08638pt x 102.52864pt.


[1

{/var/lib/texmf/fonts/map/pdftex/updmap/pdftex.map} <./brasao-cor.png>]
LaTeX Font Info:    Font shape `U/ccicons/m/n' will be
(Font)              scaled to size 14.4pt on input line 37.
LaTeX Font Info:    Trying to load font information for U+msa on input line 37.


(/usr/share/texlive/texmf-dist/tex/latex/amsfonts/umsa.fd
File: umsa.fd 2013/01/14 v3.01 AMS symbols A
)
LaTeX Font Info:    Trying to load font information for U+msb on input line 37.


(/usr/share/texlive/texmf-dist/tex/latex/amsfonts/umsb.fd
File: umsb.fd 2013/01/14 v3.01 AMS symbols B
)
LaTeX Font Info:    Trying to load font information for U+stmry on input line 3
7.

(/usr/share/texlive/texmf-dist/tex/latex/stmaryrd/Ustmry.fd)
<doclicense-CC-by-nc-88x31.pdf, id=21, 90.3375pt x 31.61812pt>
File: doclicense-CC-by-nc-88x31.pdf Graphic file (type pdf)
<use doclicense-CC-by-nc-88x31.pdf>
Package pdftex.def Info: doclicense-CC-by-nc-88x31.pdf  used on input line 39.
(pdftex.def)             Requested size: 98.69887pt x 34.54506pt.



pdfTeX warning (ext4): destination with the same identifier (name{page.1}) has 
been already used, duplicate ignored
<to be read again> 
                   \relax 
l.42 \newpage
              [1{/usr/share/texmf/fonts/enc/dvips/cm-super/cm-super-ts1.enc} </
usr/share/texlive/texmf-dist/tex/latex/doclicense/images/doclicense-CC-by-nc-88
x31.pdf>] (./calculo3-notas-de-aula.toc

[2

])
\tf@toc=\write7
\openout7 = `calculo3-notas-de-aula.toc'.



[3]

Package fancyhdr Warning: \fancyhead's `E' option without twoside option is use
less.
(fancyhdr)                Please consider using the `twoside' option on input l
ine 57.


Package fancyhdr Warning: \fancyhead's `E' option without twoside option is use
less.
(fancyhdr)                Please consider using the `twoside' option on input l
ine 58.

\openout2 = `aulas/introducao.aux'.

(./aulas/introducao.tex
Cap\'{\i }tulo 1.
<figuras/introducao/curvas-polares1.png, id=109, 633.11531pt x 329.73187pt>
File: figuras/introducao/curvas-polares1.png Graphic file (type png)
<use figuras/introducao/curvas-polares1.png>
Package pdftex.def Info: figuras/introducao/curvas-polares1.png  used on input 
line 15.
(pdftex.def)             Requested size: 379.87212pt x 197.84064pt.
<figuras/introducao/cardioide-micro.png, id=110, 690.32906pt x 685.8122pt>
File: figuras/introducao/cardioide-micro.png Graphic file (type png)
<use figuras/introducao/cardioide-micro.png>
Package pdftex.def Info: figuras/introducao/cardioide-micro.png  used on input 
line 23.
(pdftex.def)             Requested size: 345.16368pt x 342.90526pt.


[4


{/usr/share/texlive/texmf-dist/fonts/enc/dvips/base/8r.enc} <./figuras/introduc
ao/curvas-polares1.png (PNG copy)>]
<figuras/introducao/dna.png, id=117, 94.10156pt x 158.09062pt>
File: figuras/introducao/dna.png Graphic file (type png)
<use figuras/introducao/dna.png>
Package pdftex.def Info: figuras/introducao/dna.png  used on input line 37.
(pdftex.def)             Requested size: 65.87062pt x 110.66267pt.

Overfull \hbox (5.02898pt too wide) in paragraph at lines 46--47
\OT1/cmr/m/n/14.4 raio []$\OML/cmm/m/it/14.4 R$[]\OT1/cmr/m/n/14.4 , pre-cisa d
e uma []\OT1/cmr/bx/n/14.4 for^^Xca centr^^S^^Ppeta[]\OT1/cmr/m/n/14.4 , que ge
ra a cha-mada []\OT1/cmr/bx/n/14.4 ace-lera^^Xc~ao centr^^S^^Ppeta[]\OT1/cmr/m/
n/14.4 ,
 []




Package fancyhdr Warning: \headheight is too small (14.0pt): 
(fancyhdr)                Make it at least 17.0pt, for example:
(fancyhdr)                \setlength{\headheight}{17.0pt}.
(fancyhdr)                You might also make \topmargin smaller:
(fancyhdr)                \addtolength{\topmargin}{-3.0pt}.

[5 <./figuras/introducao/cardioide-micro.png> <./figuras/introducao/dna.png>]
<figuras/introducao/curvatura.png, id=124, 629.35126pt x 551.05875pt>
File: figuras/introducao/curvatura.png Graphic file (type png)
<use figuras/introducao/curvatura.png>
Package pdftex.def Info: figuras/introducao/curvatura.png  used on input line 5
9.
(pdftex.def)             Requested size: 314.67485pt x 275.52869pt.



Package fancyhdr Warning: \headheight is too small (14.0pt): 
(fancyhdr)                Make it at least 17.0pt, for example:
(fancyhdr)                \setlength{\headheight}{17.0pt}.
(fancyhdr)                You might also make \topmargin smaller:
(fancyhdr)                \addtolength{\topmargin}{-3.0pt}.

[6 <./figuras/introducao/curvatura.png>]
<figuras/nivel2.png, id=135, 249.93375pt x 261.22594pt>
File: figuras/nivel2.png Graphic file (type png)
<use figuras/nivel2.png>
Package pdftex.def Info: figuras/nivel2.png  used on input line 71.
(pdftex.def)             Requested size: 249.93314pt x 261.22528pt.
<figuras/nivel3.png, id=136, 802.49812pt x 487.8225pt>
File: figuras/nivel3.png Graphic file (type png)
<use figuras/nivel3.png>
Package pdftex.def Info: figuras/nivel3.png  used on input line 76.
(pdftex.def)             Requested size: 481.50258pt x 292.69576pt.



Package fancyhdr Warning: \headheight is too small (14.0pt): 
(fancyhdr)                Make it at least 17.0pt, for example:
(fancyhdr)                \setlength{\headheight}{17.0pt}.
(fancyhdr)                You might also make \topmargin smaller:
(fancyhdr)                \addtolength{\topmargin}{-3.0pt}.

[7 <./figuras/nivel2.png (PNG copy)> <./figuras/nivel3.png (PNG copy)>]
<figuras/introducao/cobb-res.png, id=141, 616.55344pt x 429.10312pt>
File: figuras/introducao/cobb-res.png Graphic file (type png)
<use figuras/introducao/cobb-res.png>
Package pdftex.def Info: figuras/introducao/cobb-res.png  used on input line 98
.
(pdftex.def)             Requested size: 431.58446pt x 300.37013pt.
)


Package fancyhdr Warning: \headheight is too small (14.0pt): 
(fancyhdr)                Make it at least 17.0pt, for example:
(fancyhdr)                \setlength{\headheight}{17.0pt}.
(fancyhdr)                You might also make \topmargin smaller:
(fancyhdr)                \addtolength{\topmargin}{-3.0pt}.

[8 <./figuras/introducao/cobb-res.png>]
Cap\'{\i }tulo 2.
(./aulas/retas-planos.tex
Underfull \hbox (badness 10000) in paragraph at lines 26--27

 []

<figuras/base/exemplo.png, id=148, 59.9841pt x 58.5387pt>
File: figuras/base/exemplo.png Graphic file (type png)
<use figuras/base/exemplo.png>
Package pdftex.def Info: figuras/base/exemplo.png  used on input line 46.
(pdftex.def)             Requested size: 17.99536pt x 17.56174pt.


[9



]


Package fancyhdr Warning: \headheight is too small (14.0pt): 
(fancyhdr)                Make it at least 17.0pt, for example:
(fancyhdr)                \setlength{\headheight}{17.0pt}.
(fancyhdr)                You might also make \topmargin smaller:
(fancyhdr)                \addtolength{\topmargin}{-3.0pt}.

[10 <./figuras/base/exemplo.png>]
<figuras/normal-vector.png, id=162, 226.446pt x 187.902pt>
File: figuras/normal-vector.png Graphic file (type png)
<use figuras/normal-vector.png>
Package pdftex.def Info: figuras/normal-vector.png  used on input line 63.
(pdftex.def)             Requested size: 203.7995pt x 169.11023pt.
File: figuras/base/exemplo.png Graphic file (type png)
<use figuras/base/exemplo.png>
Package pdftex.def Info: figuras/base/exemplo.png  used on input line 66.
(pdftex.def)             Requested size: 17.99536pt x 17.56174pt.



Package fancyhdr Warning: \headheight is too small (14.0pt): 
(fancyhdr)                Make it at least 17.0pt, for example:
(fancyhdr)                \setlength{\headheight}{17.0pt}.
(fancyhdr)                You might also make \topmargin smaller:
(fancyhdr)                \addtolength{\topmargin}{-3.0pt}.

[11 <./figuras/normal-vector.png>]
<figuras/base/w-homework.png, id=172, 513.92pt x 452.69125pt>
File: figuras/base/w-homework.png Graphic file (type png)
<use figuras/base/w-homework.png>
Package pdftex.def Info: figuras/base/w-homework.png  used on input line 83.
(pdftex.def)             Requested size: 17.98903pt x 15.84581pt.



Package fancyhdr Warning: \headheight is too small (14.0pt): 
(fancyhdr)                Make it at least 17.0pt, for example:
(fancyhdr)                \setlength{\headheight}{17.0pt}.
(fancyhdr)                You might also make \topmargin smaller:
(fancyhdr)                \addtolength{\topmargin}{-3.0pt}.

[12 <./figuras/base/w-homework.png>])
\openout2 = `aulas/quadricas.aux'.

 (./aulas/quadricas.tex
File: figuras/base/exemplo.png Graphic file (type png)
<use figuras/base/exemplo.png>
Package pdftex.def Info: figuras/base/exemplo.png  used on input line 9.
(pdftex.def)             Requested size: 17.99536pt x 17.56174pt.
<figuras/cilindro-ex1.png, id=184, 163.0893pt x 150.8034pt>
File: figuras/cilindro-ex1.png Graphic file (type png)
<use figuras/cilindro-ex1.png>
Package pdftex.def Info: figuras/cilindro-ex1.png  used on input line 13.
(pdftex.def)             Requested size: 163.08888pt x 150.80302pt.
File: figuras/base/exemplo.png Graphic file (type png)
<use figuras/base/exemplo.png>
Package pdftex.def Info: figuras/base/exemplo.png  used on input line 17.
(pdftex.def)             Requested size: 17.99536pt x 17.56174pt.



Package fancyhdr Warning: \headheight is too small (14.0pt): 
(fancyhdr)                Make it at least 17.0pt, for example:
(fancyhdr)                \setlength{\headheight}{17.0pt}.
(fancyhdr)                You might also make \topmargin smaller:
(fancyhdr)                \addtolength{\topmargin}{-3.0pt}.

[13

 <./figuras/cilindro-ex1.png>]
<figuras/quadricas/parab-hip.png, id=195, 997.7275pt x 953.5625pt>
File: figuras/quadricas/parab-hip.png Graphic file (type png)
<use figuras/quadricas/parab-hip.png>
Package pdftex.def Info: figuras/quadricas/parab-hip.png  used on input line 38
.
(pdftex.def)             Requested size: 129.70912pt x 123.96747pt.
<figuras/quadricas/elipsoide.png, id=196, 190.7928pt x 132.9768pt>
File: figuras/quadricas/elipsoide.png Graphic file (type png)
<use figuras/quadricas/elipsoide.png>
Package pdftex.def Info: figuras/quadricas/elipsoide.png  used on input line 41
.
(pdftex.def)             Requested size: 152.63443pt x 106.38158pt.
<figuras/quadricas/elipsoide-padrao.png, id=197, 435.87843pt x 316.18124pt>
File: figuras/quadricas/elipsoide-padrao.png Graphic file (type png)
<use figuras/quadricas/elipsoide-padrao.png>
Package pdftex.def Info: figuras/quadricas/elipsoide-padrao.png  used on input 
line 53.
(pdftex.def)             Requested size: 217.93867pt x 158.09023pt.
<figuras/quadricas/hiperboloide1-padrao.png, id=198, 295.1025pt x 453.94594pt>
File: figuras/quadricas/hiperboloide1-padrao.png Graphic file (type png)
<use figuras/quadricas/hiperboloide1-padrao.png>
Package pdftex.def Info: figuras/quadricas/hiperboloide1-padrao.png  used on in
put line 63.
(pdftex.def)             Requested size: 147.55087pt x 226.97241pt.



Package fancyhdr Warning: \headheight is too small (14.0pt): 
(fancyhdr)                Make it at least 17.0pt, for example:
(fancyhdr)                \setlength{\headheight}{17.0pt}.
(fancyhdr)                You might also make \topmargin smaller:
(fancyhdr)                \addtolength{\topmargin}{-3.0pt}.

[14 <./figuras/quadricas/parab-hip.png> <./figuras/quadricas/elipsoide.png> <./
figuras/quadricas/elipsoide-padrao.png (PNG copy)>]
<figuras/quadricas/hiperboloide2-padrao.png, id=206, 273.27094pt x 496.10344pt>

File: figuras/quadricas/hiperboloide2-padrao.png Graphic file (type png)
<use figuras/quadricas/hiperboloide2-padrao.png>
Package pdftex.def Info: figuras/quadricas/hiperboloide2-padrao.png  used on in
put line 72.
(pdftex.def)             Requested size: 136.63512pt x 248.0511pt.
<figuras/quadricas/cone-padrao.png, id=207, 255.20343pt x 432.86719pt>
File: figuras/quadricas/cone-padrao.png Graphic file (type png)
<use figuras/quadricas/cone-padrao.png>
Package pdftex.def Info: figuras/quadricas/cone-padrao.png  used on input line 
81.
(pdftex.def)             Requested size: 127.6014pt x 216.43306pt.



Package fancyhdr Warning: \headheight is too small (14.0pt): 
(fancyhdr)                Make it at least 17.0pt, for example:
(fancyhdr)                \setlength{\headheight}{17.0pt}.
(fancyhdr)                You might also make \topmargin smaller:
(fancyhdr)                \addtolength{\topmargin}{-3.0pt}.

[15 <./figuras/quadricas/hiperboloide1-padrao.png (PNG copy)> <./figuras/quadri
cas/hiperboloide2-padrao.png (PNG copy)>]
<figuras/quadricas/paraboloide-padrao.png, id=212, 294.34969pt x 450.18187pt>
File: figuras/quadricas/paraboloide-padrao.png Graphic file (type png)
<use figuras/quadricas/paraboloide-padrao.png>
Package pdftex.def Info: figuras/quadricas/paraboloide-padrao.png  used on inpu
t line 90.
(pdftex.def)             Requested size: 147.17447pt x 225.09038pt.
<figuras/quadricas/paraboloide-hiperbolico-padrao.png, id=213, 526.96875pt x 42
9.85594pt>
File: figuras/quadricas/paraboloide-hiperbolico-padrao.png Graphic file (type p
ng)
<use figuras/quadricas/paraboloide-hiperbolico-padrao.png>
Package pdftex.def Info: figuras/quadricas/paraboloide-hiperbolico-padrao.png  
used on input line 99.
(pdftex.def)             Requested size: 263.48372pt x 214.92744pt.



Package fancyhdr Warning: \headheight is too small (14.0pt): 
(fancyhdr)                Make it at least 17.0pt, for example:
(fancyhdr)                \setlength{\headheight}{17.0pt}.
(fancyhdr)                You might also make \topmargin smaller:
(fancyhdr)                \addtolength{\topmargin}{-3.0pt}.

[16 <./figuras/quadricas/cone-padrao.png (PNG copy)> <./figuras/quadricas/parab
oloide-padrao.png (PNG copy)>]
File: figuras/base/exemplo.png Graphic file (type png)
<use figuras/base/exemplo.png>
Package pdftex.def Info: figuras/base/exemplo.png  used on input line 131.
(pdftex.def)             Requested size: 17.99536pt x 17.56174pt.
File: figuras/base/exemplo.png Graphic file (type png)
<use figuras/base/exemplo.png>
Package pdftex.def Info: figuras/base/exemplo.png  used on input line 140.
(pdftex.def)             Requested size: 17.99536pt x 17.56174pt.



Package fancyhdr Warning: \headheight is too small (14.0pt): 
(fancyhdr)                Make it at least 17.0pt, for example:
(fancyhdr)                \setlength{\headheight}{17.0pt}.
(fancyhdr)                You might also make \topmargin smaller:
(fancyhdr)                \addtolength{\topmargin}{-3.0pt}.

[17 <./figuras/quadricas/paraboloide-hiperbolico-padrao.png (PNG copy)>]
<figuras/quadricas/exerc12-6A.png, id=226, 431.36156pt x 363.60844pt>
File: figuras/quadricas/exerc12-6A.png Graphic file (type png)
<use figuras/quadricas/exerc12-6A.png>
Package pdftex.def Info: figuras/quadricas/exerc12-6A.png  used on input line 1
68.
(pdftex.def)             Requested size: 258.81892pt x 218.16673pt.

Overfull \hbox (7.99535pt too wide) in paragraph at lines 168--169
[][] 
 []

<figuras/quadricas/exerc12-6B.png, id=227, 455.45157pt x 356.83313pt>
File: figuras/quadricas/exerc12-6B.png Graphic file (type png)
<use figuras/quadricas/exerc12-6B.png>
Package pdftex.def Info: figuras/quadricas/exerc12-6B.png  used on input line 1
72.
(pdftex.def)             Requested size: 273.27304pt x 214.10152pt.

Overfull \hbox (22.44946pt too wide) in paragraph at lines 172--173
[][] 
 []

<figuras/quadricas/exerc12-6C.png, id=228, 408.77719pt x 328.22626pt>
File: figuras/quadricas/exerc12-6C.png Graphic file (type png)
<use figuras/quadricas/exerc12-6C.png>
Package pdftex.def Info: figuras/quadricas/exerc12-6C.png  used on input line 1
78.
(pdftex.def)             Requested size: 286.14207pt x 229.7568pt.



Package fancyhdr Warning: \headheight is too small (14.0pt): 
(fancyhdr)                Make it at least 17.0pt, for example:
(fancyhdr)                \setlength{\headheight}{17.0pt}.
(fancyhdr)                You might also make \topmargin smaller:
(fancyhdr)                \addtolength{\topmargin}{-3.0pt}.

[18 <./figuras/quadricas/exerc12-6A.png> <./figuras/quadricas/exerc12-6B.png> <
./figuras/quadricas/exerc12-6C.png>]
<figuras/quadricas/meme-osextosentido.png, id=250, 1407.2575pt x 1126.2075pt>
File: figuras/quadricas/meme-osextosentido.png Graphic file (type png)
<use figuras/quadricas/meme-osextosentido.png>
Package pdftex.def Info: figuras/quadricas/meme-osextosentido.png  used on inpu
t line 186.
(pdftex.def)             Requested size: 422.18051pt x 337.86487pt.



Package fancyhdr Warning: \headheight is too small (14.0pt): 
(fancyhdr)                Make it at least 17.0pt, for example:
(fancyhdr)                \setlength{\headheight}{17.0pt}.
(fancyhdr)                You might also make \topmargin smaller:
(fancyhdr)                \addtolength{\topmargin}{-3.0pt}.

[19 <./figuras/quadricas/meme-osextosentido.png (PNG copy)>]
<figuras/quadricas/pringles.png, id=255, 662.475pt x 252.945pt>
File: figuras/quadricas/pringles.png Graphic file (type png)
<use figuras/quadricas/pringles.png>
Package pdftex.def Info: figuras/quadricas/pringles.png  used on input line 196
.
(pdftex.def)             Requested size: 331.2367pt x 126.47218pt.
<figuras/quadricas/aplicacoes.png, id=256, 1072.75781pt x 531.48563pt>
File: figuras/quadricas/aplicacoes.png Graphic file (type png)
<use figuras/quadricas/aplicacoes.png>
Package pdftex.def Info: figuras/quadricas/aplicacoes.png  used on input line 2
03.
(pdftex.def)             Requested size: 536.3776pt x 265.74216pt.



Package fancyhdr Warning: \headheight is too small (14.0pt): 
(fancyhdr)                Make it at least 17.0pt, for example:
(fancyhdr)                \setlength{\headheight}{17.0pt}.
(fancyhdr)                You might also make \topmargin smaller:
(fancyhdr)                \addtolength{\topmargin}{-3.0pt}.

[20 <./figuras/quadricas/pringles.png> <./figuras/quadricas/aplicacoes.png (PNG
 copy)>]
<figuras/quadricas/arquitetura/manantiales.jpg, id=262, 737.75626pt x 491.8375p
t>
File: figuras/quadricas/arquitetura/manantiales.jpg Graphic file (type jpg)
<use figuras/quadricas/arquitetura/manantiales.jpg>
Package pdftex.def Info: figuras/quadricas/arquitetura/manantiales.jpg  used on
 input line 213.
(pdftex.def)             Requested size: 295.09727pt x 196.7315pt.
<figuras/quadricas/arquitetura/manantiales_diagrama.jpg, id=263, 803.0pt x 477.
785pt>
File: figuras/quadricas/arquitetura/manantiales_diagrama.jpg Graphic file (type
 jpg)
<use figuras/quadricas/arquitetura/manantiales_diagrama.jpg>
Package pdftex.def Info: figuras/quadricas/arquitetura/manantiales_diagrama.jpg
  used on input line 219.
(pdftex.def)             Requested size: 321.1943pt x 191.11061pt.
<figuras/quadricas/arquitetura/vila-velha.png, id=264, 221.8689pt x 138.5175pt>

File: figuras/quadricas/arquitetura/vila-velha.png Graphic file (type png)
<use figuras/quadricas/arquitetura/vila-velha.png>
Package pdftex.def Info: figuras/quadricas/arquitetura/vila-velha.png  used on 
input line 228.
(pdftex.def)             Requested size: 299.52362pt x 186.999pt.
)


Package fancyhdr Warning: \headheight is too small (14.0pt): 
(fancyhdr)                Make it at least 17.0pt, for example:
(fancyhdr)                \setlength{\headheight}{17.0pt}.
(fancyhdr)                You might also make \topmargin smaller:
(fancyhdr)                \addtolength{\topmargin}{-3.0pt}.

[21 <./figuras/quadricas/arquitetura/manantiales.jpg> <./figuras/quadricas/arqu
itetura/manantiales_diagrama.jpg> <./figuras/quadricas/arquitetura/vila-velha.p
ng>]
\openout2 = `aulas/polares.aux'.

 (./aulas/polares.tex
File: figuras/base/exemplo.png Graphic file (type png)
<use figuras/base/exemplo.png>
Package pdftex.def Info: figuras/base/exemplo.png  used on input line 80.
(pdftex.def)             Requested size: 17.99536pt x 17.56174pt.



Package fancyhdr Warning: \headheight is too small (14.0pt): 
(fancyhdr)                Make it at least 17.0pt, for example:
(fancyhdr)                \setlength{\headheight}{17.0pt}.
(fancyhdr)                You might also make \topmargin smaller:
(fancyhdr)                \addtolength{\topmargin}{-3.0pt}.

[22



]
<figuras/polar/polar-grid.png, id=276, 314.3745pt x 310.39964pt>
File: figuras/polar/polar-grid.png Graphic file (type png)
<use figuras/polar/polar-grid.png>
Package pdftex.def Info: figuras/polar/polar-grid.png  used on input line 96.
(pdftex.def)             Requested size: 534.43436pt x 527.67714pt.



Package fancyhdr Warning: \headheight is too small (14.0pt): 
(fancyhdr)                Make it at least 17.0pt, for example:
(fancyhdr)                \setlength{\headheight}{17.0pt}.
(fancyhdr)                You might also make \topmargin smaller:
(fancyhdr)                \addtolength{\topmargin}{-3.0pt}.

[23 <./figuras/polar/polar-grid.png>]
\c@pytx@py@default@defaultverb=\count437
\c@pytx@py@default@defaultverb@line=\count438
LaTeX Font Info:    Font shape `OT1/cmtt/bx/n' in size <14.4> not available
(Font)              Font shape `OT1/cmtt/m/n' tried instead on input line 120.
File: figuras/base/exemplo.png Graphic file (type png)
<use figuras/base/exemplo.png>
Package pdftex.def Info: figuras/base/exemplo.png  used on input line 139.
(pdftex.def)             Requested size: 17.99536pt x 17.56174pt.
File: figuras/base/exemplo.png Graphic file (type png)
<use figuras/base/exemplo.png>
Package pdftex.def Info: figuras/base/exemplo.png  used on input line 154.
(pdftex.def)             Requested size: 17.99536pt x 17.56174pt.



Package fancyhdr Warning: \headheight is too small (14.0pt): 
(fancyhdr)                Make it at least 17.0pt, for example:
(fancyhdr)                \setlength{\headheight}{17.0pt}.
(fancyhdr)                You might also make \topmargin smaller:
(fancyhdr)                \addtolength{\topmargin}{-3.0pt}.

[24]
<figuras/grafico-aux-cardioide.png, id=296, 462.528pt x 346.896pt>
File: figuras/grafico-aux-cardioide.png Graphic file (type png)
<use figuras/grafico-aux-cardioide.png>
Package pdftex.def Info: figuras/grafico-aux-cardioide.png  used on input line 
159.
(pdftex.def)             Requested size: 323.76738pt x 242.82553pt.
<figuras/polar/cardioide1.png, id=297, 462.528pt x 346.896pt>
File: figuras/polar/cardioide1.png Graphic file (type png)
<use figuras/polar/cardioide1.png>
Package pdftex.def Info: figuras/polar/cardioide1.png  used on input line 163.
(pdftex.def)             Requested size: 462.52686pt x 346.89514pt.



Package fancyhdr Warning: \headheight is too small (14.0pt): 
(fancyhdr)                Make it at least 17.0pt, for example:
(fancyhdr)                \setlength{\headheight}{17.0pt}.
(fancyhdr)                You might also make \topmargin smaller:
(fancyhdr)                \addtolength{\topmargin}{-3.0pt}.

[25 <./figuras/grafico-aux-cardioide.png> <./figuras/polar/cardioide1.png>]
<figuras/polar/cardioide3.png, id=305, 462.528pt x 346.896pt>
File: figuras/polar/cardioide3.png Graphic file (type png)
<use figuras/polar/cardioide3.png>
Package pdftex.def Info: figuras/polar/cardioide3.png  used on input line 190.
(pdftex.def)             Requested size: 416.27133pt x 312.2035pt.
)


Package fancyhdr Warning: \headheight is too small (14.0pt): 
(fancyhdr)                Make it at least 17.0pt, for example:
(fancyhdr)                \setlength{\headheight}{17.0pt}.
(fancyhdr)                You might also make \topmargin smaller:
(fancyhdr)                \addtolength{\topmargin}{-3.0pt}.

[26 <./figuras/polar/cardioide3.png>]
Cap\'{\i }tulo 3.
(./aulas/funcoes-vetoriais.tex
File: figuras/base/exemplo.png Graphic file (type png)
<use figuras/base/exemplo.png>
Package pdftex.def Info: figuras/base/exemplo.png  used on input line 13.
(pdftex.def)             Requested size: 17.99536pt x 17.56174pt.


[27



]
File: figuras/base/exemplo.png Graphic file (type png)
<use figuras/base/exemplo.png>
Package pdftex.def Info: figuras/base/exemplo.png  used on input line 30.
(pdftex.def)             Requested size: 17.99536pt x 17.56174pt.



Package fancyhdr Warning: \headheight is too small (14.0pt): 
(fancyhdr)                Make it at least 17.0pt, for example:
(fancyhdr)                \setlength{\headheight}{17.0pt}.
(fancyhdr)                You might also make \topmargin smaller:
(fancyhdr)                \addtolength{\topmargin}{-3.0pt}.

[28]
File: figuras/base/exemplo.png Graphic file (type png)
<use figuras/base/exemplo.png>
Package pdftex.def Info: figuras/base/exemplo.png  used on input line 53.
(pdftex.def)             Requested size: 17.99536pt x 17.56174pt.



Package fancyhdr Warning: \headheight is too small (14.0pt): 
(fancyhdr)                Make it at least 17.0pt, for example:
(fancyhdr)                \setlength{\headheight}{17.0pt}.
(fancyhdr)                You might also make \topmargin smaller:
(fancyhdr)                \addtolength{\topmargin}{-3.0pt}.

[29]
File: figuras/base/exemplo.png Graphic file (type png)
<use figuras/base/exemplo.png>
Package pdftex.def Info: figuras/base/exemplo.png  used on input line 73.
(pdftex.def)             Requested size: 17.99536pt x 17.56174pt.



Package fancyhdr Warning: \headheight is too small (14.0pt): 
(fancyhdr)                Make it at least 17.0pt, for example:
(fancyhdr)                \setlength{\headheight}{17.0pt}.
(fancyhdr)                You might also make \topmargin smaller:
(fancyhdr)                \addtolength{\topmargin}{-3.0pt}.

[30]
File: figuras/base/exemplo.png Graphic file (type png)
<use figuras/base/exemplo.png>
Package pdftex.def Info: figuras/base/exemplo.png  used on input line 97.
(pdftex.def)             Requested size: 17.99536pt x 17.56174pt.
File: figuras/base/w-homework.png Graphic file (type png)
<use figuras/base/w-homework.png>
Package pdftex.def Info: figuras/base/w-homework.png  used on input line 106.
(pdftex.def)             Requested size: 17.98903pt x 15.84581pt.



Package fancyhdr Warning: \headheight is too small (14.0pt): 
(fancyhdr)                Make it at least 17.0pt, for example:
(fancyhdr)                \setlength{\headheight}{17.0pt}.
(fancyhdr)                You might also make \topmargin smaller:
(fancyhdr)                \addtolength{\topmargin}{-3.0pt}.

[31]
<figuras/curvas/param-curvas-espaco.png, id=362, 523.20468pt x 373.395pt>
File: figuras/curvas/param-curvas-espaco.png Graphic file (type png)
<use figuras/curvas/param-curvas-espaco.png>
Package pdftex.def Info: figuras/curvas/param-curvas-espaco.png  used on input 
line 130.
(pdftex.def)             Requested size: 261.6017pt x 186.69704pt.
File: figuras/base/exemplo.png Graphic file (type png)
<use figuras/base/exemplo.png>
Package pdftex.def Info: figuras/base/exemplo.png  used on input line 134.
(pdftex.def)             Requested size: 17.99536pt x 17.56174pt.



Package fancyhdr Warning: \headheight is too small (14.0pt): 
(fancyhdr)                Make it at least 17.0pt, for example:
(fancyhdr)                \setlength{\headheight}{17.0pt}.
(fancyhdr)                You might also make \topmargin smaller:
(fancyhdr)                \addtolength{\topmargin}{-3.0pt}.

[32 <./figuras/curvas/param-curvas-espaco.png>]
<figuras/DirkvdM_natural_spiral.jpg, id=372, 855.195pt x 1140.26pt>
File: figuras/DirkvdM_natural_spiral.jpg Graphic file (type jpg)
<use figuras/DirkvdM_natural_spiral.jpg>
Package pdftex.def Info: figuras/DirkvdM_natural_spiral.jpg  used on input line
 154.
(pdftex.def)             Requested size: 171.03596pt x 228.04796pt.
<figuras/mola.jpg, id=373, 152.4897pt x 85.0377pt>
File: figuras/mola.jpg Graphic file (type jpg)
<use figuras/mola.jpg>
Package pdftex.def Info: figuras/mola.jpg  used on input line 157.
(pdftex.def)             Requested size: 152.48932pt x 85.03748pt.
File: figuras/introducao/dna.png Graphic file (type png)
<use figuras/introducao/dna.png>
Package pdftex.def Info: figuras/introducao/dna.png  used on input line 160.
(pdftex.def)             Requested size: 94.10132pt x 158.09023pt.

Overfull \hbox (32.99565pt too wide) in paragraph at lines 153--162
[]$[]$ $[]$ $[]$ 
 []




Package fancyhdr Warning: \headheight is too small (14.0pt): 
(fancyhdr)                Make it at least 17.0pt, for example:
(fancyhdr)                \setlength{\headheight}{17.0pt}.
(fancyhdr)                You might also make \topmargin smaller:
(fancyhdr)                \addtolength{\topmargin}{-3.0pt}.

[33 <./figuras/DirkvdM_natural_spiral.jpg> <./figuras/mola.jpg>]
<figuras/curvas/cilindro-plano.png, id=378, 664.73344pt x 383.93437pt>
File: figuras/curvas/cilindro-plano.png Graphic file (type png)
<use figuras/curvas/cilindro-plano.png>
Package pdftex.def Info: figuras/curvas/cilindro-plano.png  used on input line 
182.
(pdftex.def)             Requested size: 465.31024pt x 268.75221pt.
File: figuras/base/exemplo.png Graphic file (type png)
<use figuras/base/exemplo.png>
Package pdftex.def Info: figuras/base/exemplo.png  used on input line 185.
(pdftex.def)             Requested size: 17.99536pt x 17.56174pt.
File: figuras/base/w-homework.png Graphic file (type png)
<use figuras/base/w-homework.png>
Package pdftex.def Info: figuras/base/w-homework.png  used on input line 202.
(pdftex.def)             Requested size: 17.98903pt x 15.84581pt.



Package fancyhdr Warning: \headheight is too small (14.0pt): 
(fancyhdr)                Make it at least 17.0pt, for example:
(fancyhdr)                \setlength{\headheight}{17.0pt}.
(fancyhdr)                You might also make \topmargin smaller:
(fancyhdr)                \addtolength{\topmargin}{-3.0pt}.

[34 <./figuras/curvas/cilindro-plano.png>]


Package fancyhdr Warning: \headheight is too small (14.0pt): 
(fancyhdr)                Make it at least 17.0pt, for example:
(fancyhdr)                \setlength{\headheight}{17.0pt}.
(fancyhdr)                You might also make \topmargin smaller:
(fancyhdr)                \addtolength{\topmargin}{-3.0pt}.

[35]


Package fancyhdr Warning: \headheight is too small (14.0pt): 
(fancyhdr)                Make it at least 17.0pt, for example:
(fancyhdr)                \setlength{\headheight}{17.0pt}.
(fancyhdr)                You might also make \topmargin smaller:
(fancyhdr)                \addtolength{\topmargin}{-3.0pt}.

[36]
File: figuras/base/exemplo.png Graphic file (type png)
<use figuras/base/exemplo.png>
Package pdftex.def Info: figuras/base/exemplo.png  used on input line 244.
(pdftex.def)             Requested size: 17.99536pt x 17.56174pt.



Package fancyhdr Warning: \headheight is too small (14.0pt): 
(fancyhdr)                Make it at least 17.0pt, for example:
(fancyhdr)                \setlength{\headheight}{17.0pt}.
(fancyhdr)                You might also make \topmargin smaller:
(fancyhdr)                \addtolength{\topmargin}{-3.0pt}.

[37]
File: figuras/base/exemplo.png Graphic file (type png)
<use figuras/base/exemplo.png>
Package pdftex.def Info: figuras/base/exemplo.png  used on input line 265.
(pdftex.def)             Requested size: 17.99536pt x 17.56174pt.
<figuras/vetor-const.png, id=413, 444.91219pt x 450.18187pt>
File: figuras/vetor-const.png Graphic file (type png)
<use figuras/vetor-const.png>
Package pdftex.def Info: figuras/vetor-const.png  used on input line 270.
(pdftex.def)             Requested size: 177.96172pt x 180.06955pt.



Package fancyhdr Warning: \headheight is too small (14.0pt): 
(fancyhdr)                Make it at least 17.0pt, for example:
(fancyhdr)                \setlength{\headheight}{17.0pt}.
(fancyhdr)                You might also make \topmargin smaller:
(fancyhdr)                \addtolength{\topmargin}{-3.0pt}.

[38 <./figuras/vetor-const.png>]
File: figuras/base/exemplo.png Graphic file (type png)
<use figuras/base/exemplo.png>
Package pdftex.def Info: figuras/base/exemplo.png  used on input line 281.
(pdftex.def)             Requested size: 17.99536pt x 17.56174pt.



Package fancyhdr Warning: \headheight is too small (14.0pt): 
(fancyhdr)                Make it at least 17.0pt, for example:
(fancyhdr)                \setlength{\headheight}{17.0pt}.
(fancyhdr)                You might also make \topmargin smaller:
(fancyhdr)                \addtolength{\topmargin}{-3.0pt}.

[39]
File: figuras/base/w-homework.png Graphic file (type png)
<use figuras/base/w-homework.png>
Package pdftex.def Info: figuras/base/w-homework.png  used on input line 293.
(pdftex.def)             Requested size: 17.98903pt x 15.84581pt.
)


Package fancyhdr Warning: \headheight is too small (14.0pt): 
(fancyhdr)                Make it at least 17.0pt, for example:
(fancyhdr)                \setlength{\headheight}{17.0pt}.
(fancyhdr)                You might also make \topmargin smaller:
(fancyhdr)                \addtolength{\topmargin}{-3.0pt}.

[40]
\openout2 = `aulas/calculovetorial.aux'.

 (./aulas/calculovetorial.tex


Package fancyhdr Warning: \headheight is too small (14.0pt): 
(fancyhdr)                Make it at least 17.0pt, for example:
(fancyhdr)                \setlength{\headheight}{17.0pt}.
(fancyhdr)                You might also make \topmargin smaller:
(fancyhdr)                \addtolength{\topmargin}{-3.0pt}.

[41

]
File: figuras/base/exemplo.png Graphic file (type png)
<use figuras/base/exemplo.png>
Package pdftex.def Info: figuras/base/exemplo.png  used on input line 30.
(pdftex.def)             Requested size: 17.99536pt x 17.56174pt.



Package fancyhdr Warning: \headheight is too small (14.0pt): 
(fancyhdr)                Make it at least 17.0pt, for example:
(fancyhdr)                \setlength{\headheight}{17.0pt}.
(fancyhdr)                You might also make \topmargin smaller:
(fancyhdr)                \addtolength{\topmargin}{-3.0pt}.

[42]
File: figuras/base/w-homework.png Graphic file (type png)
<use figuras/base/w-homework.png>
Package pdftex.def Info: figuras/base/w-homework.png  used on input line 40.
(pdftex.def)             Requested size: 17.98903pt x 15.84581pt.



Package fancyhdr Warning: \headheight is too small (14.0pt): 
(fancyhdr)                Make it at least 17.0pt, for example:
(fancyhdr)                \setlength{\headheight}{17.0pt}.
(fancyhdr)                You might also make \topmargin smaller:
(fancyhdr)                \addtolength{\topmargin}{-3.0pt}.

[43]
<figuras/vetor-tangente.png, id=459, 484.05844pt x 322.95656pt>
File: figuras/vetor-tangente.png Graphic file (type png)
<use figuras/vetor-tangente.png>
Package pdftex.def Info: figuras/vetor-tangente.png  used on input line 60.
(pdftex.def)             Requested size: 290.4373pt x 193.77542pt.



Package fancyhdr Warning: \headheight is too small (14.0pt): 
(fancyhdr)                Make it at least 17.0pt, for example:
(fancyhdr)                \setlength{\headheight}{17.0pt}.
(fancyhdr)                You might also make \topmargin smaller:
(fancyhdr)                \addtolength{\topmargin}{-3.0pt}.

[44 <./figuras/vetor-tangente.png>]
File: figuras/base/exemplo.png Graphic file (type png)
<use figuras/base/exemplo.png>
Package pdftex.def Info: figuras/base/exemplo.png  used on input line 93.
(pdftex.def)             Requested size: 17.99536pt x 17.56174pt.



Package fancyhdr Warning: \headheight is too small (14.0pt): 
(fancyhdr)                Make it at least 17.0pt, for example:
(fancyhdr)                \setlength{\headheight}{17.0pt}.
(fancyhdr)                You might also make \topmargin smaller:
(fancyhdr)                \addtolength{\topmargin}{-3.0pt}.

[45]
File: figuras/base/exemplo.png Graphic file (type png)
<use figuras/base/exemplo.png>
Package pdftex.def Info: figuras/base/exemplo.png  used on input line 110.
(pdftex.def)             Requested size: 17.99536pt x 17.56174pt.



Package fancyhdr Warning: \headheight is too small (14.0pt): 
(fancyhdr)                Make it at least 17.0pt, for example:
(fancyhdr)                \setlength{\headheight}{17.0pt}.
(fancyhdr)                You might also make \topmargin smaller:
(fancyhdr)                \addtolength{\topmargin}{-3.0pt}.

[46]
<figuras/normal-binormal.png, id=477, 557.83406pt x 580.41844pt>
File: figuras/normal-binormal.png Graphic file (type png)
<use figuras/normal-binormal.png>
Package pdftex.def Info: figuras/normal-binormal.png  used on input line 140.
(pdftex.def)             Requested size: 223.12967pt x 232.16325pt.
File: figuras/base/exemplo.png Graphic file (type png)
<use figuras/base/exemplo.png>
Package pdftex.def Info: figuras/base/exemplo.png  used on input line 145.
(pdftex.def)             Requested size: 17.99536pt x 17.56174pt.



Package fancyhdr Warning: \headheight is too small (14.0pt): 
(fancyhdr)                Make it at least 17.0pt, for example:
(fancyhdr)                \setlength{\headheight}{17.0pt}.
(fancyhdr)                You might also make \topmargin smaller:
(fancyhdr)                \addtolength{\topmargin}{-3.0pt}.

[47 <./figuras/normal-binormal.png>]


Package fancyhdr Warning: \headheight is too small (14.0pt): 
(fancyhdr)                Make it at least 17.0pt, for example:
(fancyhdr)                \setlength{\headheight}{17.0pt}.
(fancyhdr)                You might also make \topmargin smaller:
(fancyhdr)                \addtolength{\topmargin}{-3.0pt}.

[48]
File: figuras/base/exemplo.png Graphic file (type png)
<use figuras/base/exemplo.png>
Package pdftex.def Info: figuras/base/exemplo.png  used on input line 186.
(pdftex.def)             Requested size: 17.99536pt x 17.56174pt.



Package fancyhdr Warning: \headheight is too small (14.0pt): 
(fancyhdr)                Make it at least 17.0pt, for example:
(fancyhdr)                \setlength{\headheight}{17.0pt}.
(fancyhdr)                You might also make \topmargin smaller:
(fancyhdr)                \addtolength{\topmargin}{-3.0pt}.

[49]
File: figuras/base/exemplo.png Graphic file (type png)
<use figuras/base/exemplo.png>
Package pdftex.def Info: figuras/base/exemplo.png  used on input line 200.
(pdftex.def)             Requested size: 17.99536pt x 17.56174pt.



Package fancyhdr Warning: \headheight is too small (14.0pt): 
(fancyhdr)                Make it at least 17.0pt, for example:
(fancyhdr)                \setlength{\headheight}{17.0pt}.
(fancyhdr)                You might also make \topmargin smaller:
(fancyhdr)                \addtolength{\topmargin}{-3.0pt}.

[50]
File: figuras/base/w-homework.png Graphic file (type png)
<use figuras/base/w-homework.png>
Package pdftex.def Info: figuras/base/w-homework.png  used on input line 206.
(pdftex.def)             Requested size: 17.98903pt x 15.84581pt.

Underfull \hbox (badness 2435) in paragraph at lines 222--223
[]\OT1/cmr/m/n/14.4 Determine uma pa-ra-me-triza^^Xc~ao para a reta tan-gente ^
^Ra h^^Selice $[](\OML/cmm/m/it/14.4 t\OT1/cmr/m/n/14.4 ) =
 []

)


Package fancyhdr Warning: \headheight is too small (14.0pt): 
(fancyhdr)                Make it at least 17.0pt, for example:
(fancyhdr)                \setlength{\headheight}{17.0pt}.
(fancyhdr)                You might also make \topmargin smaller:
(fancyhdr)                \addtolength{\topmargin}{-3.0pt}.

[51]


Package fancyhdr Warning: \headheight is too small (14.0pt): 
(fancyhdr)                Make it at least 17.0pt, for example:
(fancyhdr)                \setlength{\headheight}{17.0pt}.
(fancyhdr)                You might also make \topmargin smaller:
(fancyhdr)                \addtolength{\topmargin}{-3.0pt}.

[52


]
Cap\'{\i }tulo 4.
(./aulas/funcoes.tex
<figuras/func.png, id=517, 350.81062pt x 158.84344pt>
File: figuras/func.png Graphic file (type png)
<use figuras/func.png>
Package pdftex.def Info: figuras/func.png  used on input line 12.
(pdftex.def)             Requested size: 350.80975pt x 158.84305pt.
File: figuras/base/exemplo.png Graphic file (type png)
<use figuras/base/exemplo.png>
Package pdftex.def Info: figuras/base/exemplo.png  used on input line 16.
(pdftex.def)             Requested size: 17.99536pt x 17.56174pt.


[53

 <./figuras/func.png (PNG copy)>]


Package fancyhdr Warning: \headheight is too small (14.0pt): 
(fancyhdr)                Make it at least 17.0pt, for example:
(fancyhdr)                \setlength{\headheight}{17.0pt}.
(fancyhdr)                You might also make \topmargin smaller:
(fancyhdr)                \addtolength{\topmargin}{-3.0pt}.

[54]
<figuras/grafico-f.png, id=531, 283.81032pt x 231.11343pt>
File: figuras/grafico-f.png Graphic file (type png)
<use figuras/grafico-f.png>
Package pdftex.def Info: figuras/grafico-f.png  used on input line 34.
(pdftex.def)             Requested size: 283.80962pt x 231.11287pt.
File: figuras/base/exemplo.png Graphic file (type png)
<use figuras/base/exemplo.png>
Package pdftex.def Info: figuras/base/exemplo.png  used on input line 37.
(pdftex.def)             Requested size: 17.99536pt x 17.56174pt.



Package fancyhdr Warning: \headheight is too small (14.0pt): 
(fancyhdr)                Make it at least 17.0pt, for example:
(fancyhdr)                \setlength{\headheight}{17.0pt}.
(fancyhdr)                You might also make \topmargin smaller:
(fancyhdr)                \addtolength{\topmargin}{-3.0pt}.

[55 <./figuras/grafico-f.png (PNG copy)>]
<figuras/funcoes/graficos.png, id=540, 791.95876pt x 571.38469pt>
File: figuras/funcoes/graficos.png Graphic file (type png)
<use figuras/funcoes/graficos.png>
Package pdftex.def Info: figuras/funcoes/graficos.png  used on input line 48.
(pdftex.def)             Requested size: 554.36736pt x 399.96655pt.



Package fancyhdr Warning: \headheight is too small (14.0pt): 
(fancyhdr)                Make it at least 17.0pt, for example:
(fancyhdr)                \setlength{\headheight}{17.0pt}.
(fancyhdr)                You might also make \topmargin smaller:
(fancyhdr)                \addtolength{\topmargin}{-3.0pt}.

[56 <./figuras/funcoes/graficos.png>]
<figuras/nivel1.png, id=546, 478.78876pt x 146.04562pt>
File: figuras/nivel1.png Graphic file (type png)
<use figuras/nivel1.png>
Package pdftex.def Info: figuras/nivel1.png  used on input line 59.
(pdftex.def)             Requested size: 478.78758pt x 146.04524pt.
<figuras/nivel3.jpg, id=547, 602.25pt x 376.40625pt>
File: figuras/nivel3.jpg Graphic file (type jpg)
<use figuras/nivel3.jpg>
Package pdftex.def Info: figuras/nivel3.jpg  used on input line 67.
(pdftex.def)             Requested size: 481.80064pt x 301.1254pt.



Package fancyhdr Warning: \headheight is too small (14.0pt): 
(fancyhdr)                Make it at least 17.0pt, for example:
(fancyhdr)                \setlength{\headheight}{17.0pt}.
(fancyhdr)                You might also make \topmargin smaller:
(fancyhdr)                \addtolength{\topmargin}{-3.0pt}.

[57 <./figuras/nivel1.png (PNG copy)> <./figuras/nivel3.jpg>]
File: figuras/base/exemplo.png Graphic file (type png)
<use figuras/base/exemplo.png>
Package pdftex.def Info: figuras/base/exemplo.png  used on input line 71.
(pdftex.def)             Requested size: 17.99536pt x 17.56174pt.
<figuras/funcoes/curva-nivel.png, id=552, 895.84688pt x 638.385pt>
File: figuras/funcoes/curva-nivel.png Graphic file (type png)
<use figuras/funcoes/curva-nivel.png>
Package pdftex.def Info: figuras/funcoes/curva-nivel.png  used on input line 76
.
(pdftex.def)             Requested size: 447.92235pt x 319.19171pt.



Package fancyhdr Warning: \headheight is too small (14.0pt): 
(fancyhdr)                Make it at least 17.0pt, for example:
(fancyhdr)                \setlength{\headheight}{17.0pt}.
(fancyhdr)                You might also make \topmargin smaller:
(fancyhdr)                \addtolength{\topmargin}{-3.0pt}.

[58 <./figuras/funcoes/curva-nivel.png>]
File: figuras/nivel2.png Graphic file (type png)
<use figuras/nivel2.png>
Package pdftex.def Info: figuras/nivel2.png  used on input line 82.
(pdftex.def)             Requested size: 249.93314pt x 261.22528pt.
File: figuras/nivel3.png Graphic file (type png)
<use figuras/nivel3.png>
Package pdftex.def Info: figuras/nivel3.png  used on input line 86.
(pdftex.def)             Requested size: 481.50258pt x 292.69576pt.
<figuras/nivel4.png, id=559, 595.47469pt x 398.99063pt>
File: figuras/nivel4.png Graphic file (type png)
<use figuras/nivel4.png>
Package pdftex.def Info: figuras/nivel4.png  used on input line 90.
(pdftex.def)             Requested size: 595.47322pt x 398.98965pt.

Overfull \hbox (38.08371pt too wide) in paragraph at lines 90--91
 [][] 
 []




Package fancyhdr Warning: \headheight is too small (14.0pt): 
(fancyhdr)                Make it at least 17.0pt, for example:
(fancyhdr)                \setlength{\headheight}{17.0pt}.
(fancyhdr)                You might also make \topmargin smaller:
(fancyhdr)                \addtolength{\topmargin}{-3.0pt}.

[59]
<figuras/nivel5.png, id=564, 353.82187pt x 347.79938pt>
File: figuras/nivel5.png Graphic file (type png)
<use figuras/nivel5.png>
Package pdftex.def Info: figuras/nivel5.png  used on input line 92.
(pdftex.def)             Requested size: 353.821pt x 347.79852pt.



Package fancyhdr Warning: \headheight is too small (14.0pt): 
(fancyhdr)                Make it at least 17.0pt, for example:
(fancyhdr)                \setlength{\headheight}{17.0pt}.
(fancyhdr)                You might also make \topmargin smaller:
(fancyhdr)                \addtolength{\topmargin}{-3.0pt}.

[60 <./figuras/nivel4.png (PNG copy)>]
<figuras/nivel6.png, id=570, 352.31625pt x 350.81062pt>
File: figuras/nivel6.png Graphic file (type png)
<use figuras/nivel6.png>
Package pdftex.def Info: figuras/nivel6.png  used on input line 96.
(pdftex.def)             Requested size: 317.08168pt x 315.72662pt.



Package fancyhdr Warning: \headheight is too small (14.0pt): 
(fancyhdr)                Make it at least 17.0pt, for example:
(fancyhdr)                \setlength{\headheight}{17.0pt}.
(fancyhdr)                You might also make \topmargin smaller:
(fancyhdr)                \addtolength{\topmargin}{-3.0pt}.

[61 <./figuras/nivel5.png (PNG copy)> <./figuras/nivel6.png (PNG copy)>]
File: figuras/base/exemplo.png Graphic file (type png)
<use figuras/base/exemplo.png>
Package pdftex.def Info: figuras/base/exemplo.png  used on input line 104.
(pdftex.def)             Requested size: 17.99536pt x 17.56174pt.
<figuras/nivel-superfice.png, id=575, 290.58563pt x 299.61937pt>
File: figuras/nivel-superfice.png Graphic file (type png)
<use figuras/nivel-superfice.png>
Package pdftex.def Info: figuras/nivel-superfice.png  used on input line 109.
(pdftex.def)             Requested size: 290.58492pt x 299.61864pt.
File: figuras/base/w-homework.png Graphic file (type png)
<use figuras/base/w-homework.png>
Package pdftex.def Info: figuras/base/w-homework.png  used on input line 112.
(pdftex.def)             Requested size: 17.98903pt x 15.84581pt.
)
(./aulas/limite-cont.tex


Package fancyhdr Warning: \headheight is too small (14.0pt): 
(fancyhdr)                Make it at least 17.0pt, for example:
(fancyhdr)                \setlength{\headheight}{17.0pt}.
(fancyhdr)                You might also make \topmargin smaller:
(fancyhdr)                \addtolength{\topmargin}{-3.0pt}.

[62 <./figuras/nivel-superfice.png (PNG copy)>]
<figuras/limite1.png, id=587, 462.97969pt x 253.69781pt>
File: figuras/limite1.png Graphic file (type png)
<use figuras/limite1.png>
Package pdftex.def Info: figuras/limite1.png  used on input line 19.
(pdftex.def)             Requested size: 324.08356pt x 177.58725pt.
<figuras/limite2.png, id=588, 282.30469pt x 240.14719pt>
File: figuras/limite2.png Graphic file (type png)
<use figuras/limite2.png>
Package pdftex.def Info: figuras/limite2.png  used on input line 21.
(pdftex.def)             Requested size: 197.61192pt x 168.10187pt.



Package fancyhdr Warning: \headheight is too small (14.0pt): 
(fancyhdr)                Make it at least 17.0pt, for example:
(fancyhdr)                \setlength{\headheight}{17.0pt}.
(fancyhdr)                You might also make \topmargin smaller:
(fancyhdr)                \addtolength{\topmargin}{-3.0pt}.

[63 <./figuras/limite1.png (PNG copy)> <./figuras/limite2.png (PNG copy)>]
File: figuras/base/exemplo.png Graphic file (type png)
<use figuras/base/exemplo.png>
Package pdftex.def Info: figuras/base/exemplo.png  used on input line 30.
(pdftex.def)             Requested size: 17.99536pt x 17.56174pt.
<figuras/lim-caminhos.png, id=594, 256.70906pt x 149.05687pt>
File: figuras/lim-caminhos.png Graphic file (type png)
<use figuras/lim-caminhos.png>
Package pdftex.def Info: figuras/lim-caminhos.png  used on input line 45.
(pdftex.def)             Requested size: 256.70842pt x 149.0565pt.



Package fancyhdr Warning: \headheight is too small (14.0pt): 
(fancyhdr)                Make it at least 17.0pt, for example:
(fancyhdr)                \setlength{\headheight}{17.0pt}.
(fancyhdr)                You might also make \topmargin smaller:
(fancyhdr)                \addtolength{\topmargin}{-3.0pt}.

[64 <./figuras/lim-caminhos.png>]
File: figuras/base/exemplo.png Graphic file (type png)
<use figuras/base/exemplo.png>
Package pdftex.def Info: figuras/base/exemplo.png  used on input line 51.
(pdftex.def)             Requested size: 17.99536pt x 17.56174pt.
<figuras/lim1.png, id=601, 242.8272pt x 211.38976pt>
File: figuras/lim1.png Graphic file (type png)
<use figuras/lim1.png>
Package pdftex.def Info: figuras/lim1.png  used on input line 56.
(pdftex.def)             Requested size: 242.8266pt x 211.38922pt.



Package fancyhdr Warning: \headheight is too small (14.0pt): 
(fancyhdr)                Make it at least 17.0pt, for example:
(fancyhdr)                \setlength{\headheight}{17.0pt}.
(fancyhdr)                You might also make \topmargin smaller:
(fancyhdr)                \addtolength{\topmargin}{-3.0pt}.

[65 <./figuras/lim1.png>]
File: figuras/base/exemplo.png Graphic file (type png)
<use figuras/base/exemplo.png>
Package pdftex.def Info: figuras/base/exemplo.png  used on input line 61.
(pdftex.def)             Requested size: 17.99536pt x 17.56174pt.
<figuras/lim2.png, id=608, 285.31593pt x 244.66406pt>
File: figuras/lim2.png Graphic file (type png)
<use figuras/lim2.png>
Package pdftex.def Info: figuras/lim2.png  used on input line 67.
(pdftex.def)             Requested size: 285.31523pt x 244.66345pt.



Package fancyhdr Warning: \headheight is too small (14.0pt): 
(fancyhdr)                Make it at least 17.0pt, for example:
(fancyhdr)                \setlength{\headheight}{17.0pt}.
(fancyhdr)                You might also make \topmargin smaller:
(fancyhdr)                \addtolength{\topmargin}{-3.0pt}.

[66 <./figuras/lim2.png (PNG copy)>]
File: figuras/base/exemplo.png Graphic file (type png)
<use figuras/base/exemplo.png>
Package pdftex.def Info: figuras/base/exemplo.png  used on input line 73.
(pdftex.def)             Requested size: 17.99536pt x 17.56174pt.
<figuras/lim3.png, id=615, 253.6677pt x 219.33945pt>
File: figuras/lim3.png Graphic file (type png)
<use figuras/lim3.png>
Package pdftex.def Info: figuras/lim3.png  used on input line 78.
(pdftex.def)             Requested size: 253.66707pt x 219.3389pt.



Package fancyhdr Warning: \headheight is too small (14.0pt): 
(fancyhdr)                Make it at least 17.0pt, for example:
(fancyhdr)                \setlength{\headheight}{17.0pt}.
(fancyhdr)                You might also make \topmargin smaller:
(fancyhdr)                \addtolength{\topmargin}{-3.0pt}.

[67 <./figuras/lim3.png>]
File: figuras/base/exemplo.png Graphic file (type png)
<use figuras/base/exemplo.png>
Package pdftex.def Info: figuras/base/exemplo.png  used on input line 91.
(pdftex.def)             Requested size: 17.99536pt x 17.56174pt.
<figuras/limites/limite-parabola.png, id=622, 726.46407pt x 438.8897pt>
File: figuras/limites/limite-parabola.png Graphic file (type png)
<use figuras/limites/limite-parabola.png>
Package pdftex.def Info: figuras/limites/limite-parabola.png  used on input lin
e 96.
(pdftex.def)             Requested size: 363.23114pt x 219.4443pt.



Package fancyhdr Warning: \headheight is too small (14.0pt): 
(fancyhdr)                Make it at least 17.0pt, for example:
(fancyhdr)                \setlength{\headheight}{17.0pt}.
(fancyhdr)                You might also make \topmargin smaller:
(fancyhdr)                \addtolength{\topmargin}{-3.0pt}.

[68 <./figuras/limites/limite-parabola.png>]
File: figuras/base/exemplo.png Graphic file (type png)
<use figuras/base/exemplo.png>
Package pdftex.def Info: figuras/base/exemplo.png  used on input line 108.
(pdftex.def)             Requested size: 17.99536pt x 17.56174pt.
<figuras/cont1.png, id=629, 283.81032pt x 235.63031pt>
File: figuras/cont1.png Graphic file (type png)
<use figuras/cont1.png>
Package pdftex.def Info: figuras/cont1.png  used on input line 119.
(pdftex.def)             Requested size: 283.80962pt x 235.62973pt.
File: figuras/base/exemplo.png Graphic file (type png)
<use figuras/base/exemplo.png>
Package pdftex.def Info: figuras/base/exemplo.png  used on input line 122.
(pdftex.def)             Requested size: 17.99536pt x 17.56174pt.



Package fancyhdr Warning: \headheight is too small (14.0pt): 
(fancyhdr)                Make it at least 17.0pt, for example:
(fancyhdr)                \setlength{\headheight}{17.0pt}.
(fancyhdr)                You might also make \topmargin smaller:
(fancyhdr)                \addtolength{\topmargin}{-3.0pt}.

[69 <./figuras/cont1.png (PNG copy)>]
Overfull \hbox (8.08679pt too wide) in paragraph at lines 140--141
[]\OT1/cmr/m/n/14.4 Analogamente po-de-mos ge-ne-ra-li-zar es-tes re-sul-ta-dos
 para fun^^Xc~oes de mais de duas vari^^Saveis
 []




Package fancyhdr Warning: \headheight is too small (14.0pt): 
(fancyhdr)                Make it at least 17.0pt, for example:
(fancyhdr)                \setlength{\headheight}{17.0pt}.
(fancyhdr)                You might also make \topmargin smaller:
(fancyhdr)                \addtolength{\topmargin}{-3.0pt}.

[70]
File: figuras/base/w-homework.png Graphic file (type png)
<use figuras/base/w-homework.png>
Package pdftex.def Info: figuras/base/w-homework.png  used on input line 143.
(pdftex.def)             Requested size: 17.98903pt x 15.84581pt.
)
No file calculo3-notas-de-aula.ind.



Package fancyhdr Warning: \headheight is too small (14.0pt): 
(fancyhdr)                Make it at least 17.0pt, for example:
(fancyhdr)                \setlength{\headheight}{17.0pt}.
(fancyhdr)                You might also make \topmargin smaller:
(fancyhdr)                \addtolength{\topmargin}{-3.0pt}.

(/usr/share/texlive/texmf-dist/tex/generic/stringenc/se-pdfdoc.def
File: se-pdfdoc.def 2019/11/29 v1.12 stringenc: PDFDocEncoding
)
(/usr/share/texlive/texmf-dist/tex/generic/stringenc/se-utf8.def
File: se-utf8.def 2019/11/29 v1.12 stringenc: UTF-8
) [71]
(./calculo3-notas-de-aula.aux (./aulas/introducao.aux) (./aulas/quadricas.aux)
(./aulas/polares.aux) (./aulas/calculovetorial.aux))
 ***********
LaTeX2e <2024-11-01> patch level 2
L3 programming layer <2020/03/25>
 ***********
 ) 
Here is how much of TeX's memory you used:
 41765 strings out of 473197
 861109 string characters out of 5718605
 2155655 words of memory out of 5000000
 63896 multiletter control sequences out of 15000+600000
 571964 words of font info for 84 fonts, out of 8000000 for 9000
 1141 hyphenation exceptions out of 8191
 91i,15n,98p,18273b,1400s stack positions out of 10000i,1000n,20000p,200000b,200000s
</usr/share/texlive/texmf-dist/fonts/type1/public/ccicons/ccicons.pfb></usr/s
hare/texlive/texmf-dist/fonts/type1/public/amsfonts/cm/cmbx12.pfb></usr/share/t
exlive/texmf-dist/fonts/type1/public/amsfonts/cm/cmex10.pfb></usr/share/texlive
/texmf-dist/fonts/type1/public/amsfonts/cm/cmitt10.pfb></usr/share/texlive/texm
f-dist/fonts/type1/public/amsfonts/cm/cmmi10.pfb></usr/share/texlive/texmf-dist
/fonts/type1/public/amsfonts/cm/cmmi12.pfb></usr/share/texlive/texmf-dist/fonts
/type1/public/amsfonts/cm/cmr10.pfb></usr/share/texlive/texmf-dist/fonts/type1/
public/amsfonts/cm/cmr12.pfb></usr/share/texlive/texmf-dist/fonts/type1/public/
amsfonts/cm/cmr17.pfb></usr/share/texlive/texmf-dist/fonts/type1/public/amsfont
s/cm/cmr7.pfb></usr/share/texlive/texmf-dist/fonts/type1/public/amsfonts/cm/cms
l12.pfb></usr/share/texlive/texmf-dist/fonts/type1/public/amsfonts/cm/cmsy10.pf
b></usr/share/texlive/texmf-dist/fonts/type1/public/amsfonts/cm/cmsy7.pfb></usr
/share/texlive/texmf-dist/fonts/type1/public/amsfonts/cm/cmtt12.pfb></usr/share
/texlive/texmf-dist/fonts/type1/public/amsfonts/symbols/msbm10.pfb></usr/share/
texmf/fonts/type1/public/cm-super/sfrm1440.pfb></usr/share/texlive/texmf-dist/f
onts/type1/urw/zapfchan/uzcmi8a.pfb>
Output written on calculo3-notas-de-aula.pdf (72 pages, 12681989 bytes).
PDF statistics:
 916 PDF objects out of 1000 (max. 8388607)
 709 compressed objects within 8 object streams
 264 named destinations out of 1000 (max. 500000)
 648 words of extra memory for PDF output out of 10000 (max. 10000000)

